url,success,doi_found,abstract_found,doi,abstract,extraction_method,error,source,category,domain
http://technology.newscientist.com/article.ns?id=dn12576&amp;feedId=online-news_rss20,False,False,False,,,,"HTTPConnectionPool(host='technology.newscientist.com', port=80): Max retries exceeded with url: /article.ns?id=dn12576&amp;feedId=online-news_rss20 (Caused by NewConnectionError('<urllib3.connection.HTTPConnection object at 0x00000236D7110760>: Failed to establish a new connection: [Errno 11001] getaddrinfo failed'))",main_url,news,technology.newscientist.com
http://space.newscientist.com/channel/human-spaceflight/dn12485-commercial-space-station-to-launch-before-2010.html,False,False,False,,,,"HTTPConnectionPool(host='space.newscientist.com', port=80): Max retries exceeded with url: /channel/human-spaceflight/dn12485-commercial-space-station-to-launch-before-2010.html (Caused by NewConnectionError('<urllib3.connection.HTTPConnection object at 0x00000236D71110F0>: Failed to establish a new connection: [Errno 11001] getaddrinfo failed'))",main_url,news,space.newscientist.com
http://abcnews.go.com/US/wireStory?id=3548224,False,False,False,,,,404 Client Error: Not Found for url: https://abcnews.go.com/US/wireStory?id=3548224,main_url,news,abcnews.go.com
http://www.opednews.com/articles/life_a_max_giro_070901_parents_3a_just_say_no.htm,True,False,True,,"Article: Parents: Just Say NO to Testing - Warning: School may be hazardous to our children's health.  Recess has been eliminated in many districts, music and art have been discontinued and 25% of school time is now spent on getting ready or taking the state wide tests.   Kindergarten is now the new first grade.  Parents can stop this immediately.",GenericHandler,,main_url,news,opednews.com
http://www.nytimes.com/2007/09/02/automobiles/02POWER.html?ex=1346385600&amp;en=e09fb2d938afb388&amp;ei=5090&amp;partner=rssuserland&amp;emc=rss,True,False,True,,Power failure? Some hybrid owners are plugging their houses into their cars to provide backup electricity.,GenericHandler,,main_url,news,nytimes.com
http://www.timesonline.co.uk/tol/news/uk/science/article2368681.ece,True,False,True,,"The latest UK and world news, business, sport and comment from The Times and The Sunday Times",GenericHandler,,main_url,news,timesonline.co.uk
http://www.timesonline.co.uk/tol/news/uk/science/article2368630.ece,True,False,True,,"The latest UK and world news, business, sport and comment from The Times and The Sunday Times",GenericHandler,,main_url,news,timesonline.co.uk
http://www.timesonline.co.uk/tol/news/world/europe/article2364434.ece#cid=OTC-RSS&amp;attr=797093,True,False,True,,"The latest UK and world news, business, sport and comment from The Times and The Sunday Times",GenericHandler,,main_url,news,timesonline.co.uk
http://allmedicalnews.com/medical_news/hypnosis_reduced_pain_after_effects_and_cost_of_breast_cancer_surgery.html,False,False,False,,,,404 Client Error: Not Found for url: http://allmedicalnews.com/medical_news/hypnosis_reduced_pain_after_effects_and_cost_of_breast_cancer_surgery.html,main_url,news,allmedicalnews.com
http://abcnews.go.com/Technology/wireStory?id=3540678,False,False,False,,,,404 Client Error: Not Found for url: https://abcnews.go.com/Technology/wireStory?id=3540678,main_url,news,abcnews.go.com
http://news.yahoo.com/s/ap/20070901/ap_on_fe_st/mythical_chupacabra;_ylt=AnxD0SSuQtMTeHJeSZlyBIvtiBIF,True,False,True,,The latest news and headlines from Yahoo News. Get breaking news stories and in-depth coverage with videos and photos.,GenericHandler,,main_url,news,news.yahoo.com
http://news.yahoo.com/s/kitv/20070902/lo_kitv/14031597,True,False,True,,The latest news and headlines from Yahoo News. Get breaking news stories and in-depth coverage with videos and photos.,GenericHandler,,main_url,news,news.yahoo.com
http://allmedicalnews.com/medical_news/taste_cells_that_are_specific_to_carbonation_found_in_fruit_flies.html,False,False,False,,,,404 Client Error: Not Found for url: http://allmedicalnews.com/medical_news/taste_cells_that_are_specific_to_carbonation_found_in_fruit_flies.html,main_url,news,allmedicalnews.com
http://news.bbc.co.uk/1/hi/health/4661366.stm,True,False,False,,,GenericHandler,,main_url,news,news.bbc.co.uk
http://news.mongabay.com/2007/0901-chupacabra.html,True,False,True,,Environmental science and conservation news,GenericHandler,,main_url,news,news.mongabay.com
http://www.reuters.com/article/newsOne/idUSN3126542220070902,False,False,False,,,,401 Client Error: HTTP Forbidden for url: https://www.reuters.com/article/newsOne/idUSN3126542220070902,main_url,news,reuters.com
http://abcnews.go.com/Technology/WhosCounting/Story?id=3543453&amp;page=1,True,False,True,,Course descriptions show some schools put math in a religious framework.,GenericHandler,,main_url,news,abcnews.go.com
http://www.timesonline.co.uk/tol/news/uk/science/article2381508.ece,True,False,True,,"The latest UK and world news, business, sport and comment from The Times and The Sunday Times",GenericHandler,,main_url,news,timesonline.co.uk
http://www.timesonline.co.uk/tol/news/world/asia/article2381520.ece,True,False,True,,"The latest UK and world news, business, sport and comment from The Times and The Sunday Times",GenericHandler,,main_url,news,timesonline.co.uk
http://physorg2.newscri.be/link/324761,False,False,False,,,,"HTTPConnectionPool(host='physorg2.newscri.be', port=80): Max retries exceeded with url: /link/324761 (Caused by NewConnectionError('<urllib3.connection.HTTPConnection object at 0x00000236D7494FA0>: Failed to establish a new connection: [Errno 11001] getaddrinfo failed'))",main_url,news,physorg2.newscri.be
http://news.bbc.co.uk/2/hi/americas/6955364.stm,True,False,False,,,GenericHandler,,main_url,news,news.bbc.co.uk
http://technology.newscientist.com/article/dn12585-warm-ice-layer-could-make-implants-biocompatible.html,False,False,False,,,,"HTTPConnectionPool(host='technology.newscientist.com', port=80): Max retries exceeded with url: /article/dn12585-warm-ice-layer-could-make-implants-biocompatible.html (Caused by NewConnectionError('<urllib3.connection.HTTPConnection object at 0x00000236D6FF7370>: Failed to establish a new connection: [Errno 11001] getaddrinfo failed'))",main_url,news,technology.newscientist.com
http://www.nytimes.com/2007/09/01/books/01sack.html?ex=1346299200&amp;en=0f9abb47d0ef937e&amp;ei=5090&amp;partner=rssuserland&amp;emc=rss,True,False,True,,"Attracted by his breadth of interests, Columbia University has appointed Oliver Sacks, the neurologist and writer, as its first Columbia artist, a newly created designation.",GenericHandler,,main_url,news,nytimes.com
http://technology.newscientist.com/article.ns?id=mg19526192.800&amp;feedId=online-news_rss20,False,False,False,,,,"HTTPConnectionPool(host='technology.newscientist.com', port=80): Max retries exceeded with url: /article.ns?id=mg19526192.800&amp;feedId=online-news_rss20 (Caused by NewConnectionError('<urllib3.connection.HTTPConnection object at 0x00000236D6FF74F0>: Failed to establish a new connection: [Errno 11001] getaddrinfo failed'))",main_url,news,technology.newscientist.com
http://www.newvoyagenews.com/?p=211,True,False,True,,"New Voyage News was a site which promoted an age old human dream, to reach beyond our earthly constraints and to launch to space! It was a community based site for centralizing news about Space and Space Tourism. Content is from the site's 2007 archived pa",GenericHandler,,main_url,news,newvoyagenews.com
http://space.newscientist.com/article.ns?id=dn12588&amp;feedId=online-news_rss20,False,False,False,,,,"HTTPConnectionPool(host='space.newscientist.com', port=80): Max retries exceeded with url: /article.ns?id=dn12588&amp;feedId=online-news_rss20 (Caused by NewConnectionError('<urllib3.connection.HTTPConnection object at 0x00000236D6F00F40>: Failed to establish a new connection: [Errno 11001] getaddrinfo failed'))",main_url,news,space.newscientist.com
http://romaniannewsy.blogspot.com/2007/09/woman-sees-own-heart-on-display.html,True,False,False,,,GenericHandler,,main_url,news,romaniannewsy.blogspot.com
http://romaniannewsy.blogspot.com/2007/09/woman-sees-own-heart-on-display.html,True,False,False,,,GenericHandler,,main_url,news,romaniannewsy.blogspot.com
http://www.opednews.com/articles/opedne_robert_d_070904_epa_urged_to_strengt.htm,True,False,True,,"Article: EPA Urged to Strengthen Ozone Standards to Protect the Most Vulnerable - Air pollution threatens the health of millions of Americans, especially those who live in urban areas. EPA's current ozone standard is not adequate to protect human health. The agency should come clean and set tougher new ozone standards at the lowest level to protect the most vulnerable in our society, including children and the elderly.",GenericHandler,,main_url,news,opednews.com
http://www.newvoyagenews.com/?p=224,True,False,True,,"New Voyage News was a site which promoted an age old human dream, to reach beyond our earthly constraints and to launch to space! It was a community based site for centralizing news about Space and Space Tourism. Content is from the site's 2007 archived pa",GenericHandler,,main_url,news,newvoyagenews.com
http://environment.newscientist.com/article/dn12597-antarctic-pod-makes-way-for-green-research.html,False,False,False,,,,"HTTPConnectionPool(host='environment.newscientist.com', port=80): Max retries exceeded with url: /article/dn12597-antarctic-pod-makes-way-for-green-research.html (Caused by NewConnectionError('<urllib3.connection.HTTPConnection object at 0x00000236D6FF6560>: Failed to establish a new connection: [Errno 11001] getaddrinfo failed'))",main_url,news,environment.newscientist.com
http://technology.newscientist.com/article.ns?id=mg19526192.300&amp;feedId=online-news_rss20,False,False,False,,,,"HTTPConnectionPool(host='technology.newscientist.com', port=80): Max retries exceeded with url: /article.ns?id=mg19526192.300&amp;feedId=online-news_rss20 (Caused by NewConnectionError('<urllib3.connection.HTTPConnection object at 0x00000236D6FF5660>: Failed to establish a new connection: [Errno 11001] getaddrinfo failed'))",main_url,news,technology.newscientist.com
http://www.newscientist.com/article.ns?id=mg19526204.800&amp;feedId=online-news_rss20,False,False,False,,,,410 Client Error: Gone for url: https://www.newscientist.com/article.ns/?amp;feedId=online-news_rss20&id=mg19526204.800,main_url,news,newscientist.com
http://news.bbc.co.uk/2/hi/health/6978384.stm,True,False,False,,,GenericHandler,,main_url,news,news.bbc.co.uk
http://news.webindia123.com/news/articles/Science/20070905/761562.html,False,False,False,,,,404 Client Error: Not Found for url: https://news.webindia123.com/news/articles/Science/20070905/761562.html,main_url,news,news.webindia123.com
http://news.yahoo.com/s/nm/20070905/sc_nm/eels_jaws_dc,True,False,True,,The latest news and headlines from Yahoo News. Get breaking news stories and in-depth coverage with videos and photos.,GenericHandler,,main_url,news,news.yahoo.com
http://technology.newscientist.com/article.ns?id=dn12586&amp;feedId=online-news_rss20,False,False,False,,,,"HTTPConnectionPool(host='technology.newscientist.com', port=80): Max retries exceeded with url: /article.ns?id=dn12586&amp;feedId=online-news_rss20 (Caused by NewConnectionError('<urllib3.connection.HTTPConnection object at 0x00000236D931FAF0>: Failed to establish a new connection: [Errno 11001] getaddrinfo failed'))",main_url,news,technology.newscientist.com
http://www.reuters.com/article/scienceNews/idUSN0538851520070905?feedType=RSS&amp;feedName=scienceNews,False,False,False,,,,401 Client Error: HTTP Forbidden for url: https://www.reuters.com/article/scienceNews/idUSN0538851520070905?feedType=RSS&amp;feedName=scienceNews,main_url,news,reuters.com
http://www.newscientist.com/article.ns?id=mg19526203.900&amp;feedId=online-news_rss20,False,False,False,,,,410 Client Error: Gone for url: https://www.newscientist.com/article.ns/?amp;feedId=online-news_rss20&id=mg19526203.900,main_url,news,newscientist.com
http://technology.newscientist.com/article/dn12602-thinking-of-words-can-guide-your-wheelchair-.html,False,False,False,,,,"HTTPConnectionPool(host='technology.newscientist.com', port=80): Max retries exceeded with url: /article/dn12602-thinking-of-words-can-guide-your-wheelchair-.html (Caused by NewConnectionError('<urllib3.connection.HTTPConnection object at 0x00000236D931FBB0>: Failed to establish a new connection: [Errno 11001] getaddrinfo failed'))",main_url,news,technology.newscientist.com
http://space.newscientist.com/article.ns?id=dn12600&amp;feedId=space_rss20,False,False,False,,,,"HTTPConnectionPool(host='space.newscientist.com', port=80): Max retries exceeded with url: /article.ns?id=dn12600&amp;feedId=space_rss20 (Caused by NewConnectionError('<urllib3.connection.HTTPConnection object at 0x00000236D931F4F0>: Failed to establish a new connection: [Errno 11001] getaddrinfo failed'))",main_url,news,space.newscientist.com
http://www.newscientist.com/article/mg19526191.500-feedback.html,True,False,True,,Armageddon games WHY does NASA show the movie Armageddon as part of its management training programmes? We're talking about the thriller in which Bruce Willis saves the Earth by nuking an asteroid the size of Texas into dust just moments before it wipes out the home planet. If your first thought was that they're training &hellip;,GenericHandler,,main_url,news,newscientist.com
http://www.reuters.com/news/pictures/articleslideshow?articleId=USL0466082420070904&amp;start=1,False,False,False,,,,401 Client Error: HTTP Forbidden for url: https://www.reuters.com/news/pictures/articleslideshow?articleId=USL0466082420070904&amp;start=1,main_url,news,reuters.com
http://www.reuters.com/article/scienceNews/idUSN0635510520070906,False,False,False,,,,401 Client Error: HTTP Forbidden for url: https://www.reuters.com/article/scienceNews/idUSN0635510520070906,main_url,news,reuters.com
http://www.bloomberg.com/apps/news?pid=20601081&amp;sid=a4GF7Gb41iUE&amp;refer=australia,True,False,True,,"Bloomberg delivers business and markets news, data, analysis, and video to the world, featuring stories from Businessweek and Bloomberg News on everything pertaining to politics",GenericHandler,,main_url,news,bloomberg.com
http://space.newscientist.com/article.ns?id=dn12604&amp;feedId=space_rss20,False,False,False,,,,"HTTPConnectionPool(host='space.newscientist.com', port=80): Max retries exceeded with url: /article.ns?id=dn12604&amp;feedId=space_rss20 (Caused by NewConnectionError('<urllib3.connection.HTTPConnection object at 0x00000236D7C29000>: Failed to establish a new connection: [Errno 11001] getaddrinfo failed'))",main_url,news,space.newscientist.com
http://space.newscientist.com/article.ns?id=dn12604&amp;feedId=online-news_rss20,False,False,False,,,,"HTTPConnectionPool(host='space.newscientist.com', port=80): Max retries exceeded with url: /article.ns?id=dn12604&amp;feedId=online-news_rss20 (Caused by NewConnectionError('<urllib3.connection.HTTPConnection object at 0x00000236D7C29000>: Failed to establish a new connection: [Errno 11001] getaddrinfo failed'))",main_url,news,space.newscientist.com
http://www.newscientist.com/article/dn12605-virus-blamed-for-mysterious-disappearance-of-us-bees.html,True,False,True,,Droves of honeybees have been abandoning their hives in the US – now an imported virus has been linked to the bizarre behaviour,GenericHandler,,main_url,news,newscientist.com
http://www.timesonline.co.uk/tol/news/uk/science/article2402744.ece,True,False,True,,"The latest UK and world news, business, sport and comment from The Times and The Sunday Times",GenericHandler,,main_url,news,timesonline.co.uk
http://news.nationalgeographic.com/news/2007/09/070906-dinosaurs-birds.html,True,False,True,,"Explore National Geographic. A world leader in geography, cartography and exploration.",GenericHandler,,main_url,news,news.nationalgeographic.com
http://technology.newscientist.com/article/dn12603-muscular-films-promise-bodyparts-and-biomachines.html,False,False,False,,,,"HTTPConnectionPool(host='technology.newscientist.com', port=80): Max retries exceeded with url: /article/dn12603-muscular-films-promise-bodyparts-and-biomachines.html (Caused by NewConnectionError('<urllib3.connection.HTTPConnection object at 0x00000236D7988520>: Failed to establish a new connection: [Errno 11001] getaddrinfo failed'))",main_url,news,technology.newscientist.com
http://thelede.blogs.nytimes.com/2007/09/07/babies-and-chimps-compete-in-mental-olympics/index.html?ex=1346817600&amp;en=f5a7a4d6468ec875&amp;ei=5088&amp;partner=rssnyt&amp;emc=rss,True,False,True,,"106 chimpanzees, 32 orangutans and 105 babies face “The Primate Cognition Test Battery.”",GenericHandler,,main_url,news,thelede.blogs.nytimes.com
http://www.washingtonpost.com/ac2/wp-dyn?pagename=article&amp;contentId=A46648-2001Dec31,False,False,False,,,,"HTTPConnectionPool(host='www.washingtonpost.com', port=80): Read timed out. (read timeout=30)",main_url,news,washingtonpost.com
http://www.nytimes.com/2007/09/08/science/earth/08polar.html?ex=1346904000&amp;en=03651c442a2e361b&amp;ei=5090&amp;partner=rssuserland&amp;emc=rss,False,False,False,,,,"HTTPConnectionPool(host='www.nytimes.com', port=80): Max retries exceeded with url: /2007/09/08/science/earth/08polar.html?ex=1346904000&amp;en=03651c442a2e361b&amp;ei=5090&amp;partner=rssuserland&amp;emc=rss (Caused by NewConnectionError('<urllib3.connection.HTTPConnection object at 0x00000236D6F95F00>: Failed to establish a new connection: [Errno 11001] getaddrinfo failed'))",main_url,news,nytimes.com
http://news.yahoo.com/s/ap/20070908/ap_on_he_me/nail_biting,False,False,False,,,,"HTTPConnectionPool(host='news.yahoo.com', port=80): Max retries exceeded with url: /s/ap/20070908/ap_on_he_me/nail_biting (Caused by NewConnectionError('<urllib3.connection.HTTPConnection object at 0x00000236D6F97970>: Failed to establish a new connection: [Errno 11001] getaddrinfo failed'))",main_url,news,news.yahoo.com
http://www.nytimes.com/2007/09/06/health/research/06hyper.html?ex=1346731200&amp;en=dbf718c298c91c04&amp;ei=5090&amp;partner=rssuserland&amp;emc=rss,True,False,True,,A new study confirms a link between common food additives and colorings and increased hyperactive behavior in children.,GenericHandler,,main_url,news,nytimes.com
http://edition.cnn.com/2007/TECH/science/09/07/low.ice.ap/index.html,False,False,False,,,,404 Client Error: OK for url: https://edition.cnn.com/2007/TECH/science/09/07/low.ice.ap/index.html,main_url,news,edition.cnn.com
http://news.yahoo.com/s/ap/20070908/ap_on_re_us/chipping_america_ii,True,False,True,,The latest news and headlines from Yahoo News. Get breaking news stories and in-depth coverage with videos and photos.,GenericHandler,,main_url,news,news.yahoo.com
http://news.bbc.co.uk/2/hi/uk_news/scotland/edinburgh_and_east/6983384.stm,True,False,False,,,GenericHandler,,main_url,news,news.bbc.co.uk
http://www.timesonline.co.uk/tol/news/uk/science/article2413310.ece#cid=OTC-RSS&amp;attr=797093,True,False,True,,"The latest UK and world news, business, sport and comment from The Times and The Sunday Times",GenericHandler,,main_url,news,timesonline.co.uk
http://www.washingtonpost.com/wp-dyn/content/article/2007/09/08/AR2007090800997_pf.html,False,False,False,,,,"HTTPConnectionPool(host='www.washingtonpost.com', port=80): Read timed out. (read timeout=30)",main_url,news,washingtonpost.com
http://www.washingtonpost.com/wp-dyn/content/article/2007/09/08/AR2007090801654.html?referrer=reddit,False,False,False,,,,"HTTPConnectionPool(host='www.washingtonpost.com', port=80): Read timed out. (read timeout=30)",main_url,news,washingtonpost.com
http://www.cnn.com/2007/TECH/09/07/electric.car.batteries.ap/index.html,False,False,False,,,,404 Client Error: OK for url: https://www.cnn.com/2007/TECH/09/07/electric.car.batteries.ap/index.html,main_url,news,cnn.com
http://www.cnn.com/2007/TECH/09/07/electric.car.batteries.ap/index.html,False,False,False,,,,404 Client Error: OK for url: https://www.cnn.com/2007/TECH/09/07/electric.car.batteries.ap/index.html,main_url,news,cnn.com
http://news.bbc.co.uk/2/hi/science/nature/6982030.stm,True,False,False,,,GenericHandler,,main_url,news,news.bbc.co.uk
"http://www.newsday.com/news/opinion/ny-opdow085363890sep08,0,2133905.story",True,False,True,,"Breaking News, data & opinions in business, sports, entertainment, travel, lifestyle, plus much more. Newsday.com is the leading news source for Long Island & NYC.",GenericHandler,,main_url,news,newsday.com
"http://www.newsday.com/news/opinion/ny-opdow085363890sep08,0,2133905.story",True,False,True,,"Breaking News, data & opinions in business, sports, entertainment, travel, lifestyle, plus much more. Newsday.com is the leading news source for Long Island & NYC.",GenericHandler,,main_url,news,newsday.com
http://www.newsandpolicy.com/news/2007/09/amds-new-chip-barcelona-out-monday-to-compete-agai.html,False,False,False,,,,403 Client Error: Forbidden for url: https://www.domainmarket.com:443/buynow/www.newsandpolicy.com,main_url,news,newsandpolicy.com
http://www.newstarget.com/022019.html,False,False,False,,,,404 Client Error: Not Found for url: https://www.newstarget.com/022019.html,main_url,news,newstarget.com
http://news.yahoo.com/s/livescience/20070906/sc_livescience/adultbraincanstillchange,True,False,True,,The latest news and headlines from Yahoo News. Get breaking news stories and in-depth coverage with videos and photos.,GenericHandler,,comment_url,news,news.yahoo.com
http://news.bbc.co.uk/2/hi/science/nature/6983176.stm,True,False,False,,,GenericHandler,,main_url,news,news.bbc.co.uk
http://news.bbc.co.uk/2/hi/science/nature/6983176.stm,True,False,False,,,GenericHandler,,main_url,news,news.bbc.co.uk
http://news.bbc.co.uk/2/hi/science/nature/6983176.stm,True,False,False,,,GenericHandler,,main_url,news,news.bbc.co.uk
http://news.bbc.co.uk/2/hi/science/nature/6983176.stm,True,False,False,,,GenericHandler,,main_url,news,news.bbc.co.uk
http://news.bbc.co.uk/2/hi/science/nature/6983176.stm,True,False,False,,,GenericHandler,,main_url,news,news.bbc.co.uk
http://news.bbc.co.uk/2/hi/science/nature/6983176.stm,True,False,False,,,GenericHandler,,main_url,news,news.bbc.co.uk
http://news.bbc.co.uk/2/hi/science/nature/6983176.stm,True,False,False,,,GenericHandler,,main_url,news,news.bbc.co.uk
http://news.bbc.co.uk/2/hi/science/nature/6983176.stm,True,False,False,,,GenericHandler,,main_url,news,news.bbc.co.uk
http://news.bbc.co.uk/2/hi/science/nature/6983176.stm,False,False,False,,,,"('Connection aborted.', ConnectionResetError(10054, 'An existing connection was forcibly closed by the remote host', None, 10054, None))",main_url,news,news.bbc.co.uk
http://news.bbc.co.uk/2/hi/science/nature/6983176.stm,True,False,False,,,GenericHandler,,main_url,news,news.bbc.co.uk
http://www.kidshealth.org/teen/school_jobs/school/dyslexia.html),True,False,True,,"The KidsHealth parents site offers advice on children's health, behavior, and growth —from before birth through the teen years.",GenericHandler,,comment_url,news,news.bbc.co.uk
http://news.bbc.co.uk/2/hi/science/nature/6983176.stm,True,False,False,,,GenericHandler,,main_url,news,news.bbc.co.uk
http://news.bbc.co.uk/2/hi/science/nature/6983176.stm,True,False,False,,,GenericHandler,,main_url,news,news.bbc.co.uk
http://news.bbc.co.uk/2/hi/science/nature/6983176.stm,True,False,False,,,GenericHandler,,main_url,news,news.bbc.co.uk
http://news.bbc.co.uk/2/hi/science/nature/6983176.stm,True,False,False,,,GenericHandler,,main_url,news,news.bbc.co.uk
http://news.bbc.co.uk/2/hi/science/nature/6983176.stm,True,False,False,,,GenericHandler,,main_url,news,news.bbc.co.uk
http://news.bbc.co.uk/2/hi/science/nature/6983176.stm,False,False,False,,,,"('Connection aborted.', ConnectionResetError(10054, 'An existing connection was forcibly closed by the remote host', None, 10054, None))",main_url,news,news.bbc.co.uk
http://news.bbc.co.uk/2/hi/science/nature/6983176.stm,True,False,False,,,GenericHandler,,main_url,news,news.bbc.co.uk
http://news.bbc.co.uk/2/hi/science/nature/6983176.stm,True,False,False,,,GenericHandler,,main_url,news,news.bbc.co.uk
http://news.bbc.co.uk/2/hi/science/nature/6983176.stm,True,False,False,,,GenericHandler,,main_url,news,news.bbc.co.uk
http://news.bbc.co.uk/2/hi/science/nature/6983176.stm,True,False,False,,,GenericHandler,,main_url,news,news.bbc.co.uk
http://news.bbc.co.uk/2/hi/science/nature/6983176.stm,True,False,False,,,GenericHandler,,main_url,news,news.bbc.co.uk
http://news.bbc.co.uk/2/hi/science/nature/6983176.stm,True,False,False,,,GenericHandler,,main_url,news,news.bbc.co.uk
http://news.bbc.co.uk/2/hi/science/nature/6983176.stm,True,False,False,,,GenericHandler,,main_url,news,news.bbc.co.uk
http://news.bbc.co.uk/2/hi/science/nature/6983176.stm,True,False,False,,,GenericHandler,,main_url,news,news.bbc.co.uk
http://news.bbc.co.uk/2/hi/science/nature/6983176.stm,True,False,False,,,GenericHandler,,main_url,news,news.bbc.co.uk
http://news.bbc.co.uk/2/hi/science/nature/6983176.stm,True,False,False,,,GenericHandler,,main_url,news,news.bbc.co.uk
http://news.bbc.co.uk/2/hi/science/nature/6983176.stm,True,False,False,,,GenericHandler,,main_url,news,news.bbc.co.uk
http://www.kidshealth.org/teen/school_jobs/school/dyslexia.html),True,False,True,,"The KidsHealth parents site offers advice on children's health, behavior, and growth —from before birth through the teen years.",GenericHandler,,comment_url,news,news.bbc.co.uk
http://news.bbc.co.uk/2/hi/science/nature/6983176.stm,False,False,False,,,,"('Connection aborted.', ConnectionResetError(10054, 'An existing connection was forcibly closed by the remote host', None, 10054, None))",main_url,news,news.bbc.co.uk
http://news.bbc.co.uk/2/hi/science/nature/6983176.stm,True,False,False,,,GenericHandler,,main_url,news,news.bbc.co.uk
http://news.bbc.co.uk/2/hi/science/nature/6983176.stm,True,False,False,,,GenericHandler,,main_url,news,news.bbc.co.uk
http://news.bbc.co.uk/2/hi/science/nature/6983176.stm,True,False,False,,,GenericHandler,,main_url,news,news.bbc.co.uk
http://news.bbc.co.uk/2/hi/science/nature/6983176.stm,True,False,False,,,GenericHandler,,main_url,news,news.bbc.co.uk
http://news.bbc.co.uk/2/hi/science/nature/6983176.stm,False,False,False,,,,"('Connection aborted.', ConnectionResetError(10054, 'An existing connection was forcibly closed by the remote host', None, 10054, None))",main_url,news,news.bbc.co.uk
http://news.bbc.co.uk/2/hi/science/nature/6983176.stm,True,False,False,,,GenericHandler,,main_url,news,news.bbc.co.uk
http://www.cnn.com/2007/TECH/space/09/05/skorea.astronaut.ap/index.html?eref=rss_space,False,False,False,,,,404 Client Error: OK for url: https://www.cnn.com/2007/TECH/space/09/05/skorea.astronaut.ap/index.html?eref=rss_space,main_url,news,cnn.com
"http://www.latimes.com/news/local/la-me-madness10sep10,0,4313873.story?track=mostviewed-storylevel",True,False,True,,A respected scholar and USC law professor reveals her journey through the horrors and demons of mental illness. She has schizophrenia.,GenericHandler,,main_url,news,latimes.com
http://www.reuters.com/article/scienceNews/idUSL0793523920070910?feedType=RSS&amp;feedName=scienceNews,False,False,False,,,,401 Client Error: HTTP Forbidden for url: https://www.reuters.com/article/scienceNews/idUSL0793523920070910?feedType=RSS&amp;feedName=scienceNews,main_url,news,reuters.com
http://www.reuters.com/article/scienceNews/idUSL0793523920070910?feedType=RSS&amp;feedName=scienceNews,False,False,False,,,,401 Client Error: HTTP Forbidden for url: https://www.reuters.com/article/scienceNews/idUSL0793523920070910?feedType=RSS&amp;feedName=scienceNews,main_url,news,reuters.com
http://physorg2.newscri.be/link/330515,False,False,False,,,,"HTTPConnectionPool(host='physorg2.newscri.be', port=80): Max retries exceeded with url: /link/330515 (Caused by NewConnectionError('<urllib3.connection.HTTPConnection object at 0x00000236D6C79CF0>: Failed to establish a new connection: [Errno 11001] getaddrinfo failed'))",main_url,news,physorg2.newscri.be
http://space.newscientist.com/article.ns?id=mg19526201.900&amp;feedId=space_rss20,False,False,False,,,,"HTTPConnectionPool(host='space.newscientist.com', port=80): Max retries exceeded with url: /article.ns?id=mg19526201.900&amp;feedId=space_rss20 (Caused by NewConnectionError('<urllib3.connection.HTTPConnection object at 0x00000236D6C790F0>: Failed to establish a new connection: [Errno 11001] getaddrinfo failed'))",main_url,news,space.newscientist.com
http://www.biomimicrynews.com/Research/Biohybrid_of_elastic_film_and_muscle_cells_packs_a_punch.asp,False,False,False,,,,"HTTPConnectionPool(host='www.biomimicrynews.com', port=80): Max retries exceeded with url: /Research/Biohybrid_of_elastic_film_and_muscle_cells_packs_a_punch.asp (Caused by NewConnectionError('<urllib3.connection.HTTPConnection object at 0x00000236D6C78580>: Failed to establish a new connection: [Errno 11001] getaddrinfo failed'))",main_url,news,biomimicrynews.com
http://space.newscientist.com/article.ns?id=mg19526204.000&amp;feedId=online-news_rss20,False,False,False,,,,"HTTPConnectionPool(host='space.newscientist.com', port=80): Max retries exceeded with url: /article.ns?id=mg19526204.000&amp;feedId=online-news_rss20 (Caused by NewConnectionError('<urllib3.connection.HTTPConnection object at 0x00000236D6C78BB0>: Failed to establish a new connection: [Errno 11001] getaddrinfo failed'))",main_url,news,space.newscientist.com
http://news.nationalgeographic.com/news/2007/09/070910-polar-bears.html,True,False,True,,"Explore National Geographic. A world leader in geography, cartography and exploration.",GenericHandler,,main_url,news,news.nationalgeographic.com
http://www.washingtonpost.com/wp-dyn/content/article/2007/09/10/AR2007091001349.html?nav=rss_print/asection,False,False,False,,,,"HTTPConnectionPool(host='www.washingtonpost.com', port=80): Read timed out. (read timeout=30)",main_url,news,washingtonpost.com
http://space.newscientist.com/article.ns?id=dn12622&amp;feedId=online-news_rss20,False,False,False,,,,"HTTPConnectionPool(host='space.newscientist.com', port=80): Max retries exceeded with url: /article.ns?id=dn12622&amp;feedId=online-news_rss20 (Caused by NewConnectionError('<urllib3.connection.HTTPConnection object at 0x00000236D74FEDD0>: Failed to establish a new connection: [Errno 11001] getaddrinfo failed'))",main_url,news,space.newscientist.com
http://news.bbc.co.uk/2/hi/science/nature/6988339.stm,True,False,False,,,GenericHandler,,main_url,news,news.bbc.co.uk
http://www.abcnews.go.com/Technology/GlobalWarming/story?id=3582433&amp;page=1,True,False,True,,Scientists predict 2007 will break record for lowest amount of sea ice.,GenericHandler,,main_url,news,abcnews.go.com
http://www.reuters.com/article/scienceNews/idUST37250120070911?feedType=RSS&amp;feedName=scienceNews,False,False,False,,,,401 Client Error: HTTP Forbidden for url: https://www.reuters.com/article/scienceNews/idUST37250120070911?feedType=RSS&amp;feedName=scienceNews,main_url,news,reuters.com
http://www.nytimes.com/2007/09/11/science/11eel.html?ex=1347163200&amp;en=df0e06592f03c0e2&amp;ei=5090&amp;partner=rssuserland&amp;emc=rss,True,False,True,,Scientists have discovered a fish that  imitates the extraterrestrial beast of the “Alien” series: it possesses a second set of jaws. ,GenericHandler,,main_url,news,nytimes.com
http://www.reuters.com/article/scienceNews/idUSN1031989120070911?feedType=RSS&amp;feedName=scienceNews,False,False,False,,,,401 Client Error: HTTP Forbidden for url: https://www.reuters.com/article/scienceNews/idUSN1031989120070911?feedType=RSS&amp;feedName=scienceNews,main_url,news,reuters.com
http://www.bloomberg.com/apps/news?pid=20601086&amp;sid=a3B2KZQubqR0&amp;refer=latin_america,True,False,True,,"Bloomberg delivers business and markets news, data, analysis, and video to the world, featuring stories from Businessweek and Bloomberg News on everything pertaining to politics",GenericHandler,,main_url,news,bloomberg.com
http://www.bloomberg.com/apps/news?pid=20601086&amp;sid=a3B2KZQubqR0&amp;refer=latin_america,True,False,True,,"Bloomberg delivers business and markets news, data, analysis, and video to the world, featuring stories from Businessweek and Bloomberg News on everything pertaining to politics",GenericHandler,,main_url,news,bloomberg.com
http://news.bbc.co.uk/2/hi/science/nature/6989247.stm,True,False,False,,,GenericHandler,,main_url,news,news.bbc.co.uk
http://www.reuters.com/article/scienceNews/idUSL116364720070911?feedType=RSS&amp;feedName=scienceNews,False,False,False,,,,401 Client Error: HTTP Forbidden for url: https://www.reuters.com/article/scienceNews/idUSL116364720070911?feedType=RSS&amp;feedName=scienceNews,main_url,news,reuters.com
http://www.newsandpolicy.com/news/2007/09/steve-jobs-icame-isaw-icaved.html,False,False,False,,,,403 Client Error: Forbidden for url: https://www.domainmarket.com:443/buynow/www.newsandpolicy.com,main_url,news,newsandpolicy.com
http://space.newscientist.com/article.ns?id=dn12574&amp;feedId=space_rss20,False,False,False,,,,"HTTPConnectionPool(host='space.newscientist.com', port=80): Max retries exceeded with url: /article.ns?id=dn12574&amp;feedId=space_rss20 (Caused by NewConnectionError('<urllib3.connection.HTTPConnection object at 0x00000236D74950C0>: Failed to establish a new connection: [Errno 11001] getaddrinfo failed'))",main_url,news,space.newscientist.com
http://news.webindia123.com/news/articles/Science/20070909/764923.html,False,False,False,,,,404 Client Error: Not Found for url: https://news.webindia123.com/news/articles/Science/20070909/764923.html,main_url,news,news.webindia123.com
http://news.yahoo.com/s/ap/20070911/ap_on_re_us/football_fight,True,False,True,,The latest news and headlines from Yahoo News. Get breaking news stories and in-depth coverage with videos and photos.,GenericHandler,,main_url,news,news.yahoo.com
http://livescience.newscri.be/link/331589,False,False,False,,,,"HTTPConnectionPool(host='livescience.newscri.be', port=80): Max retries exceeded with url: /link/331589 (Caused by NewConnectionError('<urllib3.connection.HTTPConnection object at 0x00000236D7494DF0>: Failed to establish a new connection: [Errno 11001] getaddrinfo failed'))",main_url,news,livescience.newscri.be
http://news.bbc.co.uk/2/hi/health/6987889.stm,True,False,False,,,GenericHandler,,main_url,news,news.bbc.co.uk
http://news.bbc.co.uk/2/hi/science/nature/6989908.stm,True,False,False,,,GenericHandler,,main_url,news,news.bbc.co.uk
http://news.bbc.co.uk/2/hi/africa/6990759.stm,True,False,False,,,GenericHandler,,main_url,news,news.bbc.co.uk
http://space.newscientist.com/article/dn12628-can-string-theory-accommodate-inflation.html,False,False,False,,,,"HTTPConnectionPool(host='space.newscientist.com', port=80): Max retries exceeded with url: /article/dn12628-can-string-theory-accommodate-inflation.html (Caused by NewConnectionError('<urllib3.connection.HTTPConnection object at 0x00000236D733C580>: Failed to establish a new connection: [Errno 11001] getaddrinfo failed'))",main_url,news,space.newscientist.com
"http://www.latimes.com/news/nationworld/nation/la-sci-alex12sep12,1,7051719.story?coll=la-headlines-nation",True,False,True,,"The African grey knew more than 100 words, breaking stereotypes about birds. He died of natural causes.",GenericHandler,,main_url,news,latimes.com
http://www.nytimes.com/2007/07/10/science/10angi.html?ex=1341720000&amp;en=1a5571a44fa08ad5&amp;ei=5090&amp;partner=rssuserland&amp;emc=rss,True,False,True,,"Humans may have lungs rather than gills but we feel the primal tug of the tide. Consciously or otherwise, we know we’re really all wet.",GenericHandler,,main_url,news,nytimes.com
http://www.nature.com/neuro/journal/vaop/ncurrent/full/nn1979.html),True,False,True,,Browse the archive of articles on Nature Neuroscience,NatureHandler,,comment_url,news,newscientist.com
http://news.bbc.co.uk/2/hi/science/nature/6991030.stm,True,False,False,,,GenericHandler,,main_url,news,news.bbc.co.uk
http://www.cnn.com/2007/TECH/space/09/11/mars.rovers.ap/index.html?eref=rss_tech,False,False,False,,,,404 Client Error: OK for url: https://www.cnn.com/2007/TECH/space/09/11/mars.rovers.ap/index.html?eref=rss_tech,main_url,news,cnn.com
http://news.bbc.co.uk/2/hi/health/4113989.stm,True,False,False,,,GenericHandler,,main_url,news,news.bbc.co.uk
http://news.yahoo.com/s/ap/20070912/ap_on_re_eu/shrinking_kilogram,True,False,True,,The latest news and headlines from Yahoo News. Get breaking news stories and in-depth coverage with videos and photos.,GenericHandler,,main_url,news,news.yahoo.com
http://news.yahoo.com/s/nm/20070910/hl_nm/eyesight_nutrients_dc;_ylt=ApMcBU0PJNZ2kj0NTYi1Cf2s0NUE,True,False,True,,The latest news and headlines from Yahoo News. Get breaking news stories and in-depth coverage with videos and photos.,GenericHandler,,main_url,news,news.yahoo.com
http://news.bbc.co.uk/2/hi/health/6987200.stm,True,False,False,,,GenericHandler,,main_url,news,news.bbc.co.uk
http://www.timesonline.co.uk/tol/news/world/article2441570.ece#cid=OTC-RSS&amp;attr=797093,True,False,True,,"The latest UK and world news, business, sport and comment from The Times and The Sunday Times",GenericHandler,,main_url,news,timesonline.co.uk
http://www.cnn.com/2007/US/weather/09/13/humberto/index.html,False,False,False,,,,404 Client Error: OK for url: https://www.cnn.com/2007/US/weather/09/13/humberto/index.html,main_url,news,cnn.com
http://www.nytimes.com/2007/09/13/science/13planet.html?ex=1347336000&amp;en=d6a03367267c0b84&amp;ei=5090&amp;partner=rssuserland&amp;emc=rss,True,False,True,,"There is new hope that Earth, if not the life on it, might survive an apocalypse five billion years from now.",GenericHandler,,main_url,news,nytimes.com
http://www.cnn.com/2007/TECH/science/09/12/shrinking.kilogram.ap/index.html?eref=rss_tech,False,False,False,,,,404 Client Error: OK for url: https://www.cnn.com/2007/TECH/science/09/12/shrinking.kilogram.ap/index.html?eref=rss_tech,main_url,news,cnn.com
http://www.cnn.com/2007/TECH/space/09/10/teacher.astronaut/index.html?eref=rss_space,False,False,False,,,,404 Client Error: OK for url: https://www.cnn.com/2007/TECH/space/09/10/teacher.astronaut/index.html?eref=rss_space,main_url,news,cnn.com
http://news.independent.co.uk/sci_tech/article2953447.ece,False,False,False,,,,503 Server Error: Service Unavailable for url: http://news.independent.co.uk/sci_tech/article2953447.ece,main_url,news,news.independent.co.uk
http://news.independent.co.uk/sci_tech/article2956409.ece,False,False,False,,,,503 Server Error: Service Unavailable for url: http://news.independent.co.uk/sci_tech/article2956409.ece,main_url,news,news.independent.co.uk
http://www.newscientist.com/channel/health/mg19526203.900-lowcost-personal-dna-readings-are-on-the-way.html,True,False,True,,"A limited scan of our genomes may soon be available for as little as $1000, but experts worry that the information will confuse some people",GenericHandler,,main_url,news,newscientist.com
http://news.yahoo.com/s/nm/20070912/sc_nm/planet_redgiant_dc_1;_ylt=AlvMhJ0x67ijplXHn7d6yFCk4LgF,True,False,True,,The latest news and headlines from Yahoo News. Get breaking news stories and in-depth coverage with videos and photos.,GenericHandler,,main_url,news,news.yahoo.com
http://www.reuters.com/article/scienceNews/idUSL1281053120070913?feedType=RSS&amp;feedName=scienceNews,False,False,False,,,,401 Client Error: HTTP Forbidden for url: https://www.reuters.com/article/scienceNews/idUSL1281053120070913?feedType=RSS&amp;feedName=scienceNews,main_url,news,reuters.com
http://www.newscientist.com/blog/technology/2007/09/how-quantum-computer-factorises-numbers.html,False,False,False,,,,410 Client Error: Gone for url: https://www.newscientist.com/blog/technology/2007/09/how-quantum-computer-factorises-numbers.html,main_url,news,newscientist.com
http://news.bbc.co.uk/1/hi/education/6992705.stm,True,False,False,,,GenericHandler,,main_url,news,news.bbc.co.uk
http://space.newscientist.com/article/dn12646-warm-dark-matter-solves-mystery-of-giant-black-holes.html,False,False,False,,,,"HTTPConnectionPool(host='space.newscientist.com', port=80): Max retries exceeded with url: /article/dn12646-warm-dark-matter-solves-mystery-of-giant-black-holes.html (Caused by NewConnectionError('<urllib3.connection.HTTPConnection object at 0x00000236D6C73520>: Failed to establish a new connection: [Errno 11001] getaddrinfo failed'))",main_url,news,space.newscientist.com
http://edition.cnn.com/2007/TECH/science/09/12/shrinking.kilogram.ap/index.html,False,False,False,,,,404 Client Error: OK for url: https://edition.cnn.com/2007/TECH/science/09/12/shrinking.kilogram.ap/index.html,main_url,news,edition.cnn.com
http://livescience.newscri.be/link/334423,False,False,False,,,,"HTTPConnectionPool(host='livescience.newscri.be', port=80): Max retries exceeded with url: /link/334423 (Caused by NewConnectionError('<urllib3.connection.HTTPConnection object at 0x00000236D6C72EC0>: Failed to establish a new connection: [Errno 11001] getaddrinfo failed'))",main_url,news,livescience.newscri.be
http://news.yahoo.com/s/ap/20070914/ap_on_bi_ge/farm_scene_5,True,False,True,,The latest news and headlines from Yahoo News. Get breaking news stories and in-depth coverage with videos and photos.,GenericHandler,,main_url,news,news.yahoo.com
http://newscientist1.newscri.be/link/334635,False,False,False,,,,"HTTPConnectionPool(host='newscientist1.newscri.be', port=80): Max retries exceeded with url: /link/334635 (Caused by NewConnectionError('<urllib3.connection.HTTPConnection object at 0x00000236D6C70970>: Failed to establish a new connection: [Errno 11001] getaddrinfo failed'))",main_url,news,newscientist1.newscri.be
"http://www.foxnews.com/story/0,2933,296772,00.html",False,False,False,,,,"404 Client Error: Not Found for url: https://www.foxnews.com/story/0,2933,296772,00.html",main_url,news,foxnews.com
http://www.biomimicrynews.com/research/Scientists_synthesize_memory_in_yeast_cells.asp,False,False,False,,,,"HTTPConnectionPool(host='www.biomimicrynews.com', port=80): Max retries exceeded with url: /research/Scientists_synthesize_memory_in_yeast_cells.asp (Caused by NewConnectionError('<urllib3.connection.HTTPConnection object at 0x00000236D6C72EC0>: Failed to establish a new connection: [Errno 11001] getaddrinfo failed'))",main_url,news,biomimicrynews.com
http://www.timesonline.co.uk/tol/news/world/europe/article2436976.ece#cid=OTC-RSS&amp;attr=797093,True,False,True,,"The latest UK and world news, business, sport and comment from The Times and The Sunday Times",GenericHandler,,main_url,news,timesonline.co.uk
http://www.timesonline.co.uk/tol/news/world/asia/article2457311.ece#cid=OTC-RSS&amp;attr=797093,True,False,True,,"The latest UK and world news, business, sport and comment from The Times and The Sunday Times",GenericHandler,,main_url,news,timesonline.co.uk
http://news.yahoo.com/s/nm/20070915/bs_nm/arctic_passage_dc,True,False,True,,The latest news and headlines from Yahoo News. Get breaking news stories and in-depth coverage with videos and photos.,GenericHandler,,main_url,news,news.yahoo.com
http://www.biomimicrynews.com/Research/Scientists_synthesize_memory_in_yeast_cells.asp,False,False,False,,,,"HTTPConnectionPool(host='www.biomimicrynews.com', port=80): Max retries exceeded with url: /Research/Scientists_synthesize_memory_in_yeast_cells.asp (Caused by NewConnectionError('<urllib3.connection.HTTPConnection object at 0x00000236D6D239A0>: Failed to establish a new connection: [Errno 11001] getaddrinfo failed'))",main_url,news,biomimicrynews.com
http://sciencedaily.newscri.be/link/335213,False,False,False,,,,"HTTPConnectionPool(host='sciencedaily.newscri.be', port=80): Max retries exceeded with url: /link/335213 (Caused by NewConnectionError('<urllib3.connection.HTTPConnection object at 0x00000236D6D22C80>: Failed to establish a new connection: [Errno 11001] getaddrinfo failed'))",main_url,news,sciencedaily.newscri.be
http://space.newscientist.com/article.ns?id=mg19526215.600&amp;feedId=space_rss20,False,False,False,,,,"HTTPConnectionPool(host='space.newscientist.com', port=80): Max retries exceeded with url: /article.ns?id=mg19526215.600&amp;feedId=space_rss20 (Caused by NewConnectionError('<urllib3.connection.HTTPConnection object at 0x00000236D6D23370>: Failed to establish a new connection: [Errno 11001] getaddrinfo failed'))",main_url,news,space.newscientist.com
http://sciencedaily.newscri.be/link/335229,False,False,False,,,,"HTTPConnectionPool(host='sciencedaily.newscri.be', port=80): Max retries exceeded with url: /link/335229 (Caused by NewConnectionError('<urllib3.connection.HTTPConnection object at 0x00000236D6D238E0>: Failed to establish a new connection: [Errno 11001] getaddrinfo failed'))",main_url,news,sciencedaily.newscri.be
http://sciencedaily.newscri.be/link/335379,False,False,False,,,,"HTTPConnectionPool(host='sciencedaily.newscri.be', port=80): Max retries exceeded with url: /link/335379 (Caused by NewConnectionError('<urllib3.connection.HTTPConnection object at 0x00000236D6D22D70>: Failed to establish a new connection: [Errno 11001] getaddrinfo failed'))",main_url,news,sciencedaily.newscri.be
http://www.newsandpolicy.com/news/2007/09/a-window-of-opportunity-for-macs-soon-to-close.html,False,False,False,,,,403 Client Error: Forbidden for url: https://www.domainmarket.com:443/buynow/www.newsandpolicy.com,main_url,news,newsandpolicy.com
http://www.nytimes.com/2007/09/17/world/europe/17carbon.html?ex=1347681600&amp;en=58249c04a6fc1acf&amp;ei=5090&amp;partner=rssuserland&amp;emc=rss,True,False,True,,A donation from a Hungarian company will help the Vatican become the world’s first carbon-neutral state.,GenericHandler,,main_url,news,nytimes.com
http://news.independent.co.uk/sci_tech/article2947395.ece,False,False,False,,,,503 Server Error: Service Unavailable for url: http://news.independent.co.uk/sci_tech/article2947395.ece,main_url,news,news.independent.co.uk
http://www.timesonline.co.uk/tol/news/uk/science/article2469488.ece,True,False,True,,"The latest UK and world news, business, sport and comment from The Times and The Sunday Times",GenericHandler,,main_url,news,timesonline.co.uk
http://livescience.newscri.be/link/336494,False,False,False,,,,"HTTPConnectionPool(host='livescience.newscri.be', port=80): Max retries exceeded with url: /link/336494 (Caused by NewConnectionError('<urllib3.connection.HTTPConnection object at 0x00000236D75C3A30>: Failed to establish a new connection: [Errno 11001] getaddrinfo failed'))",main_url,news,livescience.newscri.be
http://environment.newscientist.com/channel/earth/mg19526210.600-can-fertilising-the-ocean-combat-climate-change.html,False,False,False,,,,"HTTPConnectionPool(host='environment.newscientist.com', port=80): Max retries exceeded with url: /channel/earth/mg19526210.600-can-fertilising-the-ocean-combat-climate-change.html (Caused by NewConnectionError('<urllib3.connection.HTTPConnection object at 0x00000236D70E1660>: Failed to establish a new connection: [Errno 11001] getaddrinfo failed'))",main_url,news,environment.newscientist.com
http://www.newscientist.com/article.ns?id=dn12649&amp;feedId=online-news_rss20,False,False,False,,,,410 Client Error: Gone for url: https://www.newscientist.com/article.ns/?amp;feedId=online-news_rss20&id=dn12649,main_url,news,newscientist.com
http://news.yahoo.com/s/afp/20070918/sc_afp/peruhealthoffbeat,True,False,True,,The latest news and headlines from Yahoo News. Get breaking news stories and in-depth coverage with videos and photos.,GenericHandler,,main_url,news,news.yahoo.com
http://news.yahoo.com/s/afp/20070918/sc_afp/peruhealthoffbeat,True,False,True,,The latest news and headlines from Yahoo News. Get breaking news stories and in-depth coverage with videos and photos.,GenericHandler,,main_url,news,news.yahoo.com
http://technology.newscientist.com/article.ns?id=mg19526216.000&amp;feedId=online-news_rss20,False,False,False,,,,"HTTPConnectionPool(host='technology.newscientist.com', port=80): Max retries exceeded with url: /article.ns?id=mg19526216.000&amp;feedId=online-news_rss20 (Caused by NewConnectionError('<urllib3.connection.HTTPConnection object at 0x00000236D7559960>: Failed to establish a new connection: [Errno 11001] getaddrinfo failed'))",main_url,news,technology.newscientist.com
http://technology.newscientist.com/article/mg19526216.000-antimatter-molecule-could-lead-to-ultrapowerful-laser.html,False,False,False,,,,"HTTPConnectionPool(host='technology.newscientist.com', port=80): Max retries exceeded with url: /article/mg19526216.000-antimatter-molecule-could-lead-to-ultrapowerful-laser.html (Caused by NewConnectionError('<urllib3.connection.HTTPConnection object at 0x00000236D6D23AF0>: Failed to establish a new connection: [Errno 11001] getaddrinfo failed'))",main_url,news,technology.newscientist.com
http://sciencedaily.newscri.be/link/337436,False,False,False,,,,"HTTPConnectionPool(host='sciencedaily.newscri.be', port=80): Max retries exceeded with url: /link/337436 (Caused by NewConnectionError('<urllib3.connection.HTTPConnection object at 0x00000236D75598D0>: Failed to establish a new connection: [Errno 11001] getaddrinfo failed'))",main_url,news,sciencedaily.newscri.be
http://www.opednews.com/articles/opedne_karen_fi_070918_nostradamus_third_an.htm,True,False,True,,Article: Nostradamus Third Anti Christ Name Revealed by Peru Meteorite Crash - The Peru meteorite crash was the awaited sign of the advent of Nostradamus' third anti Christ. Learn his real name.,GenericHandler,,main_url,news,opednews.com
http://www.newsandpolicy.com/news/2007/09/ibm-launches-ambitious-challenge-against-microsoft.html,False,False,False,,,,403 Client Error: Forbidden for url: https://www.domainmarket.com:443/buynow/www.newsandpolicy.com,main_url,news,newsandpolicy.com
http://importanthealthnews.blogspot.com/2007/09/gall-bladder-removed-without-outer.html,True,False,False,,,GenericHandler,,main_url,news,importanthealthnews.blogspot.com
http://www.cbsnews.com/stories/2007/09/18/eveningnews/main3272647.shtml,False,False,False,,,,404 Client Error: Not Found for url: https://www.cbsnews.com/stories/2007/09/18/eveningnews/main3272647.shtml,main_url,news,cbsnews.com
http://livescience.newscri.be/link/338497,False,False,False,,,,"HTTPConnectionPool(host='livescience.newscri.be', port=80): Max retries exceeded with url: /link/338497 (Caused by NewConnectionError('<urllib3.connection.HTTPConnection object at 0x00000236D7E199F0>: Failed to establish a new connection: [Errno 11001] getaddrinfo failed'))",main_url,news,livescience.newscri.be
http://news.bbc.co.uk/2/hi/health/7002482.stm,True,False,False,,,GenericHandler,,main_url,news,news.bbc.co.uk
http://query.nytimes.com/gst/fullpage.html?res=9F00E0D7123DF935A25752C0A9679C8B63,True,False,True,,Dr Eleanor R Adair answers questions on the safety of microwave radiation and its potential as a personal heating system; photo (M),GenericHandler,,main_url,news,query.nytimes.com
http://news.bbc.co.uk/1/hi/health/7002887.stm,True,False,False,,,GenericHandler,,main_url,news,news.bbc.co.uk
http://www.socialdailynews.com/2007/09/testicle-stem-cell-harvest-plan/,False,False,False,,,,403 Client Error: Forbidden for url: https://www.hugedomains.com/domain_profile.cfm?d=socialdailynews.com,main_url,news,socialdailynews.com
http://importanthealthnews.blogspot.com/2007/09/pregnancy-for-hiv-positive-women-safer.html,True,False,False,,,GenericHandler,,main_url,news,importanthealthnews.blogspot.com
http://query.nytimes.com/gst/fullpage.html?res=9401E7DC123AF93AA35752C0A9679C8B63,True,False,True,,"Medical experts continue to disagree over health impact of dietary salt; one set of scientists, backed by most of nation's major health organizations, holds cutting back on salt is good for people, whether or not they have high blood pressure; second group holds that there are better tools for controlling blood pressure than salt reduction and that low-salt eating may be harmful to health; sample of diet plan to cut blood pressure; photos (M)",GenericHandler,,main_url,news,query.nytimes.com
http://www.newscientist.com/blog/technology/2007/09/head-mounted-device-is-cats-whiskers.html,False,False,False,,,,410 Client Error: Gone for url: https://www.newscientist.com/blog/technology/2007/09/head-mounted-device-is-cats-whiskers.html,main_url,news,newscientist.com
http://space.newscientist.com/article.ns?id=dn12665,False,False,False,,,,"HTTPConnectionPool(host='space.newscientist.com', port=80): Max retries exceeded with url: /article.ns?id=dn12665 (Caused by NewConnectionError('<urllib3.connection.HTTPConnection object at 0x00000236D7CD1A20>: Failed to establish a new connection: [Errno 11001] getaddrinfo failed'))",main_url,news,space.newscientist.com
http://www.socialdailynews.com/2007/09/experts-confirm-meteorite-crash-in-peru/,False,False,False,,,,403 Client Error: Forbidden for url: https://www.hugedomains.com/domain_profile.cfm?d=socialdailynews.com,main_url,news,socialdailynews.com
http://www.biomimicrynews.com/research/Engineers_learn_from_the_beetles.asp,False,False,False,,,,"HTTPConnectionPool(host='www.biomimicrynews.com', port=80): Max retries exceeded with url: /research/Engineers_learn_from_the_beetles.asp (Caused by NewConnectionError('<urllib3.connection.HTTPConnection object at 0x00000236D7CD1AE0>: Failed to establish a new connection: [Errno 11001] getaddrinfo failed'))",main_url,news,biomimicrynews.com
http://www.nytimes.com/2007/09/20/science/20fossil.html?ex=1347940800&amp;en=7571610249ff7d06&amp;ei=5090&amp;partner=rssuserland&amp;emc=rss,True,False,True,,"The discovery of four fossil skeletons of human ancestors in Georgia, a former Soviet republic, offers a look at a species in transition.",GenericHandler,,main_url,news,nytimes.com
http://space.newscientist.com/article/dn12665-did-the-big-bang-spawn-trillions-of-black-holes.html,False,False,False,,,,"HTTPConnectionPool(host='space.newscientist.com', port=80): Max retries exceeded with url: /article/dn12665-did-the-big-bang-spawn-trillions-of-black-holes.html (Caused by NewConnectionError('<urllib3.connection.HTTPConnection object at 0x00000236D7CD07F0>: Failed to establish a new connection: [Errno 11001] getaddrinfo failed'))",main_url,news,space.newscientist.com
http://www.newscientist.com/article/mg19526213.900-hiv-sequences-cannot-prove-guilt-.html,True,False,True,,"HIV-infected Britons are increasingly asking for their viral sequences to prove who infected them, but doctors say the technique does not work",GenericHandler,,main_url,news,newscientist.com
http://importanthealthnews.blogspot.com/2007/09/using-testicles-to-fix-brain-heart-and.html,True,False,False,,,GenericHandler,,main_url,news,importanthealthnews.blogspot.com
http://news.yahoo.com/s/nm/20070920/sc_nm/arctic_crops_vault_dc;_ylt=Aveu3OlQIvjneKABVlP6lfoDW7oF,True,False,True,,The latest news and headlines from Yahoo News. Get breaking news stories and in-depth coverage with videos and photos.,GenericHandler,,main_url,news,news.yahoo.com
http://wired2.newscri.be/link/339686,False,False,False,,,,"HTTPConnectionPool(host='wired2.newscri.be', port=80): Max retries exceeded with url: /link/339686 (Caused by NewConnectionError('<urllib3.connection.HTTPConnection object at 0x00000236D6EF8760>: Failed to establish a new connection: [Errno 11001] getaddrinfo failed'))",main_url,news,wired2.newscri.be
http://www.newscientist.com/article.ns?id=dn12667&amp;feedId=online-news_rss20,False,False,False,,,,410 Client Error: Gone for url: https://www.newscientist.com/article.ns/?amp;feedId=online-news_rss20&id=dn12667,main_url,news,newscientist.com
"http://www.news.com.au/mercury/story/0,22884,22424857-3462,00.html",False,False,False,,,,"403 Client Error: Forbidden for url: http://www.news.com.au/mercury/story/0,22884,22424857-3462,00.html",main_url,news,news.com.au
http://space.newscientist.com/article.ns?id=dn12665&amp;feedId=space_rss20,False,False,False,,,,"HTTPConnectionPool(host='space.newscientist.com', port=80): Max retries exceeded with url: /article.ns?id=dn12665&amp;feedId=space_rss20 (Caused by NewConnectionError('<urllib3.connection.HTTPConnection object at 0x00000236D6EF8640>: Failed to establish a new connection: [Errno 11001] getaddrinfo failed'))",main_url,news,space.newscientist.com
http://news.bbc.co.uk/2/hi/science/nature/7004525.stm,True,False,False,,,GenericHandler,,main_url,news,news.bbc.co.uk
http://www.cnn.com/2007/TECH/science/09/20/feathered.raptor.ap/index.html?eref=rss_latest,False,False,False,,,,404 Client Error: OK for url: https://www.cnn.com/2007/TECH/science/09/20/feathered.raptor.ap/index.html?eref=rss_latest,main_url,news,cnn.com
http://www.nytimes.com/2007/09/21/science/21arctic.html?ei=5088&amp;en=302a745a6859ad28&amp;ex=1348027200&amp;adxnnl=1&amp;partner=rssnyt&amp;emc=rss&amp;adxnnlx=1190339581-ikKWfYPZq7wRfEKXgZsX1Q,True,False,True,,The cap of floating sea ice on the Arctic Ocean this year shrank more than one million square miles below the average minimum area reached in recent decades.,GenericHandler,,main_url,news,nytimes.com
http://space.newscientist.com/article/dn12669-lava-may-have-buried-signs-of-mars-water.html,False,False,False,,,,"HTTPConnectionPool(host='space.newscientist.com', port=80): Max retries exceeded with url: /article/dn12669-lava-may-have-buried-signs-of-mars-water.html (Caused by NewConnectionError('<urllib3.connection.HTTPConnection object at 0x00000236D70E04C0>: Failed to establish a new connection: [Errno 11001] getaddrinfo failed'))",main_url,news,space.newscientist.com
http://www.nanitenews.com/Research/Scientists_get_first_look_at_nanotubes_inside_living_animals.asp,True,False,True,,This domain may be for sale!,GenericHandler,,main_url,news,nanitenews.com
http://www.nanitenews.com/Research/Scientists_get_first_look_at_nanotubes_inside_living_animals.asp,True,False,True,,This domain may be for sale!,GenericHandler,,main_url,news,nanitenews.com
http://www.socialdailynews.com/2007/09/baby-dinosaurs-unearthed-in-china/,False,False,False,,,,403 Client Error: Forbidden for url: https://www.hugedomains.com/domain_profile.cfm?d=socialdailynews.com,main_url,news,socialdailynews.com
http://technology.newscientist.com/article/dn12674-selfaware-space-rovers-would-be-speedy-explorers.html,False,False,False,,,,"HTTPConnectionPool(host='technology.newscientist.com', port=80): Max retries exceeded with url: /article/dn12674-selfaware-space-rovers-would-be-speedy-explorers.html (Caused by NewConnectionError('<urllib3.connection.HTTPConnection object at 0x00000236D70E0520>: Failed to establish a new connection: [Errno 11001] getaddrinfo failed'))",main_url,news,technology.newscientist.com
http://www.reuters.com/article/scienceNews/idUSN2042109920070921?feedType=RSS&amp;feedName=scienceNews,False,False,False,,,,401 Client Error: HTTP Forbidden for url: https://www.reuters.com/article/scienceNews/idUSN2042109920070921?feedType=RSS&amp;feedName=scienceNews,main_url,news,reuters.com
http://technology.newscientist.com/article.ns?id=dn12674&amp;feedId=online-news_rss20,False,False,False,,,,"HTTPConnectionPool(host='technology.newscientist.com', port=80): Max retries exceeded with url: /article.ns?id=dn12674&amp;feedId=online-news_rss20 (Caused by NewConnectionError('<urllib3.connection.HTTPConnection object at 0x00000236D70E01F0>: Failed to establish a new connection: [Errno 11001] getaddrinfo failed'))",main_url,news,technology.newscientist.com
http://www.reuters.com/article/scienceNews/idUSN2138422720070921?feedType=RSS&amp;feedName=scienceNews,False,False,False,,,,401 Client Error: HTTP Forbidden for url: https://www.reuters.com/article/scienceNews/idUSN2138422720070921?feedType=RSS&amp;feedName=scienceNews,main_url,news,reuters.com
http://www.nytimes.com/2007/09/21/science/21arctic.html,True,False,True,,The cap of floating sea ice on the Arctic Ocean this year shrank more than one million square miles below the average minimum area reached in recent decades.,GenericHandler,,main_url,news,nytimes.com
http://www.nytimes.com/2007/09/21/opinion/21lane.html?ref=opinion,True,False,True,,"With so much else to worry about, psychiatry would be wise to give up its fixation on a childhood trait as ordinary as shyness.",GenericHandler,,main_url,news,nytimes.com
http://news.yahoo.com/s/ap/20070921/ap_on_he_me/aids_vaccine_fails,True,False,True,,The latest news and headlines from Yahoo News. Get breaking news stories and in-depth coverage with videos and photos.,GenericHandler,,main_url,news,news.yahoo.com
http://www.cnn.com/2007/TECH/science/09/21/hobbit.wrist.ap/index.html,False,False,False,,,,404 Client Error: OK for url: https://www.cnn.com/2007/TECH/science/09/21/hobbit.wrist.ap/index.html,main_url,news,cnn.com
http://www.geologytimes.com/research/Scientist_tracks_greenland_meltwater.asp,False,False,False,,,,404 Client Error: Not Found for url: https://www.geologytimes.com/research/Scientist_tracks_greenland_meltwater.asp,main_url,news,geologytimes.com
http://news.bbc.co.uk/2/hi/health/7007859.stm,True,False,False,,,GenericHandler,,main_url,news,news.bbc.co.uk
http://www.socialdailynews.com/2007/09/nasa-probe-may-have-found-martian-caves/,False,False,False,,,,403 Client Error: Forbidden for url: https://www.hugedomains.com/domain_profile.cfm?d=socialdailynews.com,main_url,news,socialdailynews.com
http://www.reuters.com/article/scienceNews/idUSN2136996920070921?sp=true,False,False,False,,,,401 Client Error: HTTP Forbidden for url: https://www.reuters.com/article/scienceNews/idUSN2136996920070921?sp=true,main_url,news,reuters.com
http://nationalgeographic.newscri.be/link/341428,False,False,False,,,,"HTTPConnectionPool(host='nationalgeographic.newscri.be', port=80): Max retries exceeded with url: /link/341428 (Caused by NewConnectionError('<urllib3.connection.HTTPConnection object at 0x00000236D709DE70>: Failed to establish a new connection: [Errno 11001] getaddrinfo failed'))",main_url,news,nationalgeographic.newscri.be
http://news.yahoo.com/s/livescience/20070922/sc_livescience/bizarregenderbenderbugsbafflescientists;_ylt=Ah0qL0E4e.pfGIuDLDaWdBsDW7oF,True,False,True,,The latest news and headlines from Yahoo News. Get breaking news stories and in-depth coverage with videos and photos.,GenericHandler,,main_url,news,news.yahoo.com
http://news.yahoo.com/s/nm/20070921/sc_nm/mars_caves_dc,True,False,True,,The latest news and headlines from Yahoo News. Get breaking news stories and in-depth coverage with videos and photos.,GenericHandler,,main_url,news,news.yahoo.com
http://www.washingtonpost.com/wp-dyn/content/article/2007/09/08/AR2007090801654.html,False,False,False,,,,"HTTPConnectionPool(host='www.washingtonpost.com', port=80): Read timed out. (read timeout=30)",main_url,news,washingtonpost.com
http://www.socialdailynews.com/2007/09/world-leaders-at-climate-summit/,False,False,False,,,,403 Client Error: Forbidden for url: https://www.hugedomains.com/domain_profile.cfm?d=socialdailynews.com,main_url,news,socialdailynews.com
"http://www.latimes.com/business/la-fi-books23sep23,1,4264373.story?coll=la-headlines-business&amp;ctrack=1&amp;cset=true",True,False,True,,The science of innovation,GenericHandler,,main_url,news,latimes.com
http://www.washingtonpost.com/wp-dyn/content/article/2007/09/23/AR2007092300770_2.html?nav=rss_print/asection,False,False,False,,,,"HTTPConnectionPool(host='www.washingtonpost.com', port=80): Read timed out. (read timeout=30)",main_url,news,washingtonpost.com
http://news.bbc.co.uk/1/hi/health/7009927.stm,True,False,False,,,GenericHandler,,main_url,news,news.bbc.co.uk
http://environment.newscientist.com/article.ns?id=dn12677&amp;feedId=online-news_rss20,False,False,False,,,,"HTTPConnectionPool(host='environment.newscientist.com', port=80): Max retries exceeded with url: /article.ns?id=dn12677&amp;feedId=online-news_rss20 (Caused by NewConnectionError('<urllib3.connection.HTTPConnection object at 0x00000236D7B90DC0>: Failed to establish a new connection: [Errno 11001] getaddrinfo failed'))",main_url,news,environment.newscientist.com
http://www.reuters.com/article/scienceNews/idUSL2141243620070924?feedType=RSS&amp;feedName=scienceNews,False,False,False,,,,401 Client Error: HTTP Forbidden for url: https://www.reuters.com/article/scienceNews/idUSL2141243620070924?feedType=RSS&amp;feedName=scienceNews,main_url,news,reuters.com
http://www.newscientist.com/blog/space/2007/09/is-there-human-link-to-dark-energy.html,False,False,False,,,,410 Client Error: Gone for url: https://www.newscientist.com/blog/space/2007/09/is-there-human-link-to-dark-energy.html,main_url,news,newscientist.com
http://sciencedaily.newscri.be/link/342418,False,False,False,,,,"HTTPConnectionPool(host='sciencedaily.newscri.be', port=80): Max retries exceeded with url: /link/342418 (Caused by NewConnectionError('<urllib3.connection.HTTPConnection object at 0x00000236D7B90BB0>: Failed to establish a new connection: [Errno 11001] getaddrinfo failed'))",main_url,news,sciencedaily.newscri.be
http://www.nytimes.com/2007/09/23/books/review/Saletan-t.html?_r=2&amp;ref=science&amp;oref=slogin&amp;oref=slogin,True,False,True,,Steven Pinker brings his theory of human nature and his obsession with words together in one book.,GenericHandler,,main_url,news,nytimes.com
http://news.nationalgeographic.com/news/2007/09/070921-meteor-peru.html,True,False,True,,"Explore National Geographic. A world leader in geography, cartography and exploration.",GenericHandler,,main_url,news,news.nationalgeographic.com
http://news.nationalgeographic.com/news/2007/09/070921-meteor-peru.html,True,False,True,,"Explore National Geographic. A world leader in geography, cartography and exploration.",GenericHandler,,main_url,news,news.nationalgeographic.com
http://news.nationalgeographic.com/news/2007/09/070921-arctic-russia.html,True,False,True,,"Explore National Geographic. A world leader in geography, cartography and exploration.",GenericHandler,,main_url,news,news.nationalgeographic.com
http://space.newscientist.com/article.ns?id=dn12683&amp;feedId=space_rss20,False,False,False,,,,"HTTPConnectionPool(host='space.newscientist.com', port=80): Max retries exceeded with url: /article.ns?id=dn12683&amp;feedId=space_rss20 (Caused by NewConnectionError('<urllib3.connection.HTTPConnection object at 0x00000236D6C73C70>: Failed to establish a new connection: [Errno 11001] getaddrinfo failed'))",main_url,news,space.newscientist.com
http://www.geologytimes.com/research/Scientists_to_forecast_and_respond_to_human_health_effects_of_climate_change.asp,False,False,False,,,,404 Client Error: Not Found for url: https://www.geologytimes.com/research/Scientists_to_forecast_and_respond_to_human_health_effects_of_climate_change.asp,main_url,news,geologytimes.com
http://www.nytimes.com/2007/09/25/science/space/25cosm.html,True,False,True,,"It has been 35 years since anybody was on the Moon, or more than 300 miles from Earth, for that matter. What happened to the so-called space age?",GenericHandler,,main_url,news,nytimes.com
http://news.yahoo.com/s/ap/20070924/ap_on_sc/germs_in_space,True,False,True,,The latest news and headlines from Yahoo News. Get breaking news stories and in-depth coverage with videos and photos.,GenericHandler,,main_url,news,news.yahoo.com
http://www.timesonline.co.uk/tol/news/uk/science/article2525044.ece,True,False,True,,"The latest UK and world news, business, sport and comment from The Times and The Sunday Times",GenericHandler,,main_url,news,timesonline.co.uk
http://www.forteantimes.com/blogs/editorial-blogs/news/964731/scientists-create-transparent-frog.thtml,False,False,False,,,,404 Client Error: Not Found for url: https://subscribe.forteantimes.com/blogs/editorial-blogs/news/964731/scientists-create-transparent-frog.thtml,main_url,news,forteantimes.com
http://www.forteantimes.com/blogs/editorial-blogs/news/964731/scientists-create-transparent-frog.thtml,False,False,False,,,,404 Client Error: Not Found for url: https://subscribe.forteantimes.com/blogs/editorial-blogs/news/964731/scientists-create-transparent-frog.thtml,main_url,news,forteantimes.com
http://news.yahoo.com/s/nm/20070925/ts_nm/obesity_children_usa_dc,True,False,True,,The latest news and headlines from Yahoo News. Get breaking news stories and in-depth coverage with videos and photos.,GenericHandler,,main_url,news,news.yahoo.com
http://news.bbc.co.uk/2/hi/science/nature/7011828.stm,True,False,False,,,GenericHandler,,main_url,news,news.bbc.co.uk
http://www.nytimes.com/aponline/us/AP-Germs-in-Space.html?_r=2&amp;oref=slogin&amp;oref=slogin,False,False,False,,,,404 Client Error: Not Found for url: https://www.nytimes.com/aponline/us/AP-Germs-in-Space.html?_r=2&amp;oref=slogin&amp;oref=slogin,main_url,news,nytimes.com
http://newscientist1.newscri.be/link/343666,False,False,False,,,,"HTTPConnectionPool(host='newscientist1.newscri.be', port=80): Max retries exceeded with url: /link/343666 (Caused by NewConnectionError('<urllib3.connection.HTTPConnection object at 0x00000236D79ECD30>: Failed to establish a new connection: [Errno 11001] getaddrinfo failed'))",main_url,news,newscientist1.newscri.be
http://thelede.blogs.nytimes.com/2007/09/25/a-new-reason-to-fear-space-germs/index.html?hp,True,False,True,,NASA grows super salmonella in space.,GenericHandler,,main_url,news,thelede.blogs.nytimes.com
http://technology.newscientist.com/article/dn12668-tripedal-robot-swings-itself-into-action.html,False,False,False,,,,"HTTPConnectionPool(host='technology.newscientist.com', port=80): Max retries exceeded with url: /article/dn12668-tripedal-robot-swings-itself-into-action.html (Caused by NewConnectionError('<urllib3.connection.HTTPConnection object at 0x00000236D79EFB20>: Failed to establish a new connection: [Errno 11001] getaddrinfo failed'))",main_url,news,technology.newscientist.com
http://www.unknownnews.org/070924a-DrRuhs.html,True,False,False,,,GenericHandler,,main_url,news,unknownnews.org
http://www.newscientist.com/article.ns?id=dn12690&amp;feedId=online-news_rss20,False,False,False,,,,410 Client Error: Gone for url: https://www.newscientist.com/article.ns/?amp;feedId=online-news_rss20&id=dn12690,main_url,news,newscientist.com
http://space.newscientist.com/article.ns?id=dn12679&amp;feedId=space_rss20,False,False,False,,,,"HTTPConnectionPool(host='space.newscientist.com', port=80): Max retries exceeded with url: /article.ns?id=dn12679&amp;feedId=space_rss20 (Caused by NewConnectionError('<urllib3.connection.HTTPConnection object at 0x00000236D79EC250>: Failed to establish a new connection: [Errno 11001] getaddrinfo failed'))",main_url,news,space.newscientist.com
http://space.newscientist.com/article.ns?id=dn12693&amp;feedId=space_rss20,False,False,False,,,,"HTTPConnectionPool(host='space.newscientist.com', port=80): Max retries exceeded with url: /article.ns?id=dn12693&amp;feedId=space_rss20 (Caused by NewConnectionError('<urllib3.connection.HTTPConnection object at 0x00000236D79EC850>: Failed to establish a new connection: [Errno 11001] getaddrinfo failed'))",main_url,news,space.newscientist.com
http://news.bbc.co.uk/2/hi/science/nature/7013136.stm,True,False,False,,,GenericHandler,,main_url,news,news.bbc.co.uk
http://news.bbc.co.uk/1/hi/world/asia-pacific/7013587.stm,True,False,False,,,GenericHandler,,main_url,news,news.bbc.co.uk
http://www.reuters.com/article/scienceNews/idUSL2593486320070926?feedType=RSS&amp;feedName=scienceNews,False,False,False,,,,401 Client Error: HTTP Forbidden for url: https://www.reuters.com/article/scienceNews/idUSL2593486320070926?feedType=RSS&amp;feedName=scienceNews,main_url,news,reuters.com
http://space.newscientist.com/article.ns?id=dn12685&amp;print=true,False,False,False,,,,"HTTPConnectionPool(host='space.newscientist.com', port=80): Max retries exceeded with url: /article.ns?id=dn12685&amp;print=true (Caused by NewConnectionError('<urllib3.connection.HTTPConnection object at 0x00000236D733F520>: Failed to establish a new connection: [Errno 11001] getaddrinfo failed'))",main_url,news,space.newscientist.com
http://technology.newscientist.com/article/dn12691-robot-dogs-race-to-be-soldiers-best-friend.html,False,False,False,,,,"HTTPConnectionPool(host='technology.newscientist.com', port=80): Max retries exceeded with url: /article/dn12691-robot-dogs-race-to-be-soldiers-best-friend.html (Caused by NewConnectionError('<urllib3.connection.HTTPConnection object at 0x00000236D733DA80>: Failed to establish a new connection: [Errno 11001] getaddrinfo failed'))",main_url,news,technology.newscientist.com
http://space.newscientist.com/article/dn12694-odd-object-blurs-line-between-comets-and-asteroids.html,False,False,False,,,,"HTTPConnectionPool(host='space.newscientist.com', port=80): Max retries exceeded with url: /article/dn12694-odd-object-blurs-line-between-comets-and-asteroids.html (Caused by NewConnectionError('<urllib3.connection.HTTPConnection object at 0x00000236D733D8A0>: Failed to establish a new connection: [Errno 11001] getaddrinfo failed'))",main_url,news,space.newscientist.com
http://technology.newscientist.com/article/dn12688-diy-lab-scanner-made-from-standard-cd-drive.html,False,False,False,,,,"HTTPConnectionPool(host='technology.newscientist.com', port=80): Max retries exceeded with url: /article/dn12688-diy-lab-scanner-made-from-standard-cd-drive.html (Caused by NewConnectionError('<urllib3.connection.HTTPConnection object at 0x00000236D733FAF0>: Failed to establish a new connection: [Errno 11001] getaddrinfo failed'))",main_url,news,technology.newscientist.com
http://www.nytimes.com/2007/09/16/books/review/Plotz-t.html?_r=2&amp;oref=slogin&amp;oref=slogin,True,False,True,,"A former professor of Hebrew backs modern scholarship, disdains fundamentalism and holds on to God.",GenericHandler,,main_url,news,nytimes.com
http://www.cnn.com/2007/TECH/space/09/26/dawn.mission.ap/index.html,False,False,False,,,,404 Client Error: OK for url: https://www.cnn.com/2007/TECH/space/09/26/dawn.mission.ap/index.html,main_url,news,cnn.com
http://www.nytimes.com/2007/09/25/science/space/25pop.html?ex=1348372800&amp;en=6cef3860511ac993&amp;ei=5089&amp;partner=rssyahoo&amp;emc=rss,True,False,True,,"The space age launched more than satellites and spaceships, it launched a trend that changed pop culture forever.",GenericHandler,,main_url,news,nytimes.com
http://www.reuters.com/article/environmentNews/idUSL2692255820070926?feedType=RSS&amp;feedName=environmentNews,False,False,False,,,,401 Client Error: HTTP Forbidden for url: https://www.reuters.com/article/environmentNews/idUSL2692255820070926?feedType=RSS&amp;feedName=environmentNews,main_url,news,reuters.com
http://space.newscientist.com/article/dn12693-earths-water-brewed-at-home-not-in-space.html,False,False,False,,,,"HTTPConnectionPool(host='space.newscientist.com', port=80): Max retries exceeded with url: /article/dn12693-earths-water-brewed-at-home-not-in-space.html (Caused by NewConnectionError('<urllib3.connection.HTTPConnection object at 0x00000236D733D7B0>: Failed to establish a new connection: [Errno 11001] getaddrinfo failed'))",main_url,news,space.newscientist.com
http://news.yahoo.com/s/nm/20070926/sc_nm/climate_pipes_dc_1,True,False,True,,The latest news and headlines from Yahoo News. Get breaking news stories and in-depth coverage with videos and photos.,GenericHandler,,main_url,news,news.yahoo.com
http://www.cnn.com/2007/LIVING/wayoflife/09/24/fat.pets/index.html#cnnSTCText,False,False,False,,,,404 Client Error: OK for url: https://www.cnn.com/2007/LIVING/wayoflife/09/24/fat.pets/index.html#cnnSTCText,main_url,news,cnn.com
http://www.nytimes.com/2007/09/26/business/26leonhardt.html?ex=1348459200&amp;en=08b7d46f99cea4fd&amp;ei=5088&amp;partner=rssnyt&amp;emc=rss,True,False,True,,Two new research papers offer evidence that there is  a growing happiness gap between men and women.,GenericHandler,,main_url,news,nytimes.com
http://environment.newscientist.com/article/dn12698-vertical-ocean-pipes-could-counter-global-warming.html,False,False,False,,,,"HTTPConnectionPool(host='environment.newscientist.com', port=80): Max retries exceeded with url: /article/dn12698-vertical-ocean-pipes-could-counter-global-warming.html (Caused by NewConnectionError('<urllib3.connection.HTTPConnection object at 0x00000236D73DB730>: Failed to establish a new connection: [Errno 11001] getaddrinfo failed'))",main_url,news,environment.newscientist.com
http://www.reuters.com/article/technologyNews/idUSN2628254020070926?feedType=RSS&amp;feedName=technologyNews,False,False,False,,,,401 Client Error: HTTP Forbidden for url: https://www.reuters.com/article/technologyNews/idUSN2628254020070926?feedType=RSS&amp;feedName=technologyNews,main_url,news,reuters.com
http://space.newscientist.com/article/dn12685-scifi-model-worlds-aid-planet-classification.html,False,False,False,,,,"HTTPConnectionPool(host='space.newscientist.com', port=80): Max retries exceeded with url: /article/dn12685-scifi-model-worlds-aid-planet-classification.html (Caused by NewConnectionError('<urllib3.connection.HTTPConnection object at 0x00000236D733EA40>: Failed to establish a new connection: [Errno 11001] getaddrinfo failed'))",main_url,news,space.newscientist.com
http://www.timesonline.co.uk/tol/news/world/article2540103.ece,True,False,True,,"The latest UK and world news, business, sport and comment from The Times and The Sunday Times",GenericHandler,,main_url,news,timesonline.co.uk
http://www.newscientist.com/blog/invention/2007/09/wide-angled-gigapixel-satellite.html,False,False,False,,,,410 Client Error: Gone for url: https://www.newscientist.com/blog/invention/2007/09/wide-angled-gigapixel-satellite.html,main_url,news,newscientist.com
http://news.yahoo.com/s/ap/20070927/ap_on_re_us/escaped_gorilla;_ylt=AqQYdgcRprwyAOksWksdKIkPLBIF,True,False,True,,The latest news and headlines from Yahoo News. Get breaking news stories and in-depth coverage with videos and photos.,GenericHandler,,main_url,news,news.yahoo.com
http://www.reuters.com/article/scienceNews/idUSN2627332920070926?feedType=RSS&amp;feedName=scienceNews,False,False,False,,,,401 Client Error: HTTP Forbidden for url: https://www.reuters.com/article/scienceNews/idUSN2627332920070926?feedType=RSS&amp;feedName=scienceNews,main_url,news,reuters.com
http://www.cnn.com/2007/TECH/space/09/26/space.mail.ap/index.html?eref=rss_tech,False,False,False,,,,404 Client Error: OK for url: https://www.cnn.com/2007/TECH/space/09/26/space.mail.ap/index.html?eref=rss_tech,main_url,news,cnn.com
http://www.nytimes.com/2007/09/27/science/27expelled.html?ref=science,True,False,True,,A group of scientists are upset about their inclusion in a film that makes the case for intelligent design.,GenericHandler,,main_url,news,nytimes.com
http://www.newscientist.com/article.ns?id=dn12301,False,False,False,,,,410 Client Error: Gone for url: https://www.newscientist.com/article.ns/?id=dn12301,main_url,news,newscientist.com
http://www.newscientist.com/article.ns?id=dn12301,False,False,False,,,,410 Client Error: Gone for url: https://www.newscientist.com/article.ns/?id=dn12301,main_url,news,newscientist.com
http://www.news-medical.net/?id=19237,True,False,True,,"A common parasite found in cats may be affecting human behavior on a mass scale, according to a scientist based at the University of California, Santa Barbara.",GenericHandler,,main_url,news,news-medical.net
http://www.nytimes.com/2007/09/27/science/27expelled.html?_r=1&amp;ref=todayspaper&amp;oref=slogin,True,False,True,,A group of scientists are upset about their inclusion in a film that makes the case for intelligent design.,GenericHandler,,main_url,news,nytimes.com
http://physorg4.newscri.be/link/345547,False,False,False,,,,"HTTPConnectionPool(host='physorg4.newscri.be', port=80): Max retries exceeded with url: /link/345547 (Caused by NewConnectionError('<urllib3.connection.HTTPConnection object at 0x00000236D6EF98A0>: Failed to establish a new connection: [Errno 11001] getaddrinfo failed'))",main_url,news,physorg4.newscri.be
http://space.newscientist.com/article/dn12699-extragalactic-radio-burst-puzzles-astronomers.html,False,False,False,,,,"HTTPConnectionPool(host='space.newscientist.com', port=80): Max retries exceeded with url: /article/dn12699-extragalactic-radio-burst-puzzles-astronomers.html (Caused by NewConnectionError('<urllib3.connection.HTTPConnection object at 0x00000236D6EF8DF0>: Failed to establish a new connection: [Errno 11001] getaddrinfo failed'))",main_url,news,space.newscientist.com
http://space.newscientist.com/article.ns?id=dn12699&amp;feedId=online-news_rss20,False,False,False,,,,"HTTPConnectionPool(host='space.newscientist.com', port=80): Max retries exceeded with url: /article.ns?id=dn12699&amp;feedId=online-news_rss20 (Caused by NewConnectionError('<urllib3.connection.HTTPConnection object at 0x00000236D6EF8B50>: Failed to establish a new connection: [Errno 11001] getaddrinfo failed'))",main_url,news,space.newscientist.com
http://www.biomimicrynews.com/research/Engineered_Eggshells_To_Help_Make_Hydrogen_Fuel.asp,False,False,False,,,,"HTTPConnectionPool(host='www.biomimicrynews.com', port=80): Max retries exceeded with url: /research/Engineered_Eggshells_To_Help_Make_Hydrogen_Fuel.asp (Caused by NewConnectionError('<urllib3.connection.HTTPConnection object at 0x00000236D6EF8A90>: Failed to establish a new connection: [Errno 11001] getaddrinfo failed'))",main_url,news,biomimicrynews.com
http://newswise.newscri.be/link/345952,False,False,False,,,,"HTTPConnectionPool(host='newswise.newscri.be', port=80): Max retries exceeded with url: /link/345952 (Caused by NewConnectionError('<urllib3.connection.HTTPConnection object at 0x00000236D6EF9A50>: Failed to establish a new connection: [Errno 11001] getaddrinfo failed'))",main_url,news,newswise.newscri.be
http://nationalgeographic.newscri.be/link/346033,False,False,False,,,,"HTTPConnectionPool(host='nationalgeographic.newscri.be', port=80): Max retries exceeded with url: /link/346033 (Caused by NewConnectionError('<urllib3.connection.HTTPConnection object at 0x00000236D6EF8D00>: Failed to establish a new connection: [Errno 11001] getaddrinfo failed'))",main_url,news,nationalgeographic.newscri.be
http://www.newscientist.com/channel/sex/mg19526234.000-flirting-makes-up-for-antisocial-tendencies.html,True,False,True,,"How do antisocial men manage to attract women? It seems that a little smiling, eyebrow raising and nodding works wonders",GenericHandler,,main_url,news,newscientist.com
http://www.timesonline.co.uk/tol/news/uk/science/article2547775.ece,True,False,True,,"The latest UK and world news, business, sport and comment from The Times and The Sunday Times",GenericHandler,,main_url,news,timesonline.co.uk
http://space.newscientist.com/article/dn9943,False,False,False,,,,"HTTPConnectionPool(host='space.newscientist.com', port=80): Max retries exceeded with url: /article/dn9943 (Caused by NewConnectionError('<urllib3.connection.HTTPConnection object at 0x00000236D6C7A950>: Failed to establish a new connection: [Errno 11001] getaddrinfo failed'))",main_url,news,space.newscientist.com
http://technology.newscientist.com/article.ns?id=dn12701,False,False,False,,,,"HTTPConnectionPool(host='technology.newscientist.com', port=80): Max retries exceeded with url: /article.ns?id=dn12701 (Caused by NewConnectionError('<urllib3.connection.HTTPConnection object at 0x00000236D6C7A080>: Failed to establish a new connection: [Errno 11001] getaddrinfo failed'))",main_url,news,technology.newscientist.com
http://news.nationalgeographic.com/news/2007/09/photogalleries/science-pictures/index.html,True,False,True,,"Explore National Geographic. A world leader in geography, cartography and exploration.",GenericHandler,,main_url,news,news.nationalgeographic.com
http://www.newscientist.com/article.ns?id=mg19526233.800&amp;feedId=online-news_rss20,False,False,False,,,,410 Client Error: Gone for url: https://www.newscientist.com/article.ns/?amp;feedId=online-news_rss20&id=mg19526233.800,main_url,news,newscientist.com
http://technology.newscientist.com/article/dn12701,False,False,False,,,,"HTTPConnectionPool(host='technology.newscientist.com', port=80): Max retries exceeded with url: /article/dn12701 (Caused by NewConnectionError('<urllib3.connection.HTTPConnection object at 0x00000236D6C73C10>: Failed to establish a new connection: [Errno 11001] getaddrinfo failed'))",main_url,news,technology.newscientist.com
http://today.reuters.com/news/articlenews.aspx?type=scienceNews&amp;storyid=2007-09-27T212009Z_01_N27418001_RTRUKOC_0_US-SPACE-BURST.xml,False,False,False,,,,401 Client Error: HTTP Forbidden for url: https://www.reuters.com/news/articlenews.aspx?type=scienceNews&amp;storyid=2007-09-27T212009Z_01_N27418001_RTRUKOC_0_US-SPACE-BURST.xml,main_url,news,today.reuters.com
http://today.reuters.com/news/articlenews.aspx?type=scienceNews&amp;storyID=2007-09-27T215115Z_01_N27418001_RTRUKOC_0_US-SPACE-BURST.xml,False,False,False,,,,401 Client Error: HTTP Forbidden for url: https://www.reuters.com/news/articlenews.aspx?type=scienceNews&amp;storyID=2007-09-27T215115Z_01_N27418001_RTRUKOC_0_US-SPACE-BURST.xml,main_url,news,today.reuters.com
http://milifemitimes.com/content/view/145/76/,False,False,False,,,,"HTTPConnectionPool(host='milifemitimes.com', port=80): Max retries exceeded with url: /content/view/145/76/ (Caused by NewConnectionError('<urllib3.connection.HTTPConnection object at 0x00000236D6C728C0>: Failed to establish a new connection: [Errno 11001] getaddrinfo failed'))",main_url,news,milifemitimes.com
http://milifemitimes.com/content/view/145/76/,False,False,False,,,,"HTTPConnectionPool(host='milifemitimes.com', port=80): Max retries exceeded with url: /content/view/145/76/ (Caused by NewConnectionError('<urllib3.connection.HTTPConnection object at 0x00000236D6C73790>: Failed to establish a new connection: [Errno 11001] getaddrinfo failed'))",main_url,news,milifemitimes.com
http://milifemitimes.com/content/view/145/76/,False,False,False,,,,"HTTPConnectionPool(host='milifemitimes.com', port=80): Max retries exceeded with url: /content/view/145/76/ (Caused by NewConnectionError('<urllib3.connection.HTTPConnection object at 0x00000236D6C72A70>: Failed to establish a new connection: [Errno 11001] getaddrinfo failed'))",main_url,news,milifemitimes.com
http://milifemitimes.com/content/view/145/76/,False,False,False,,,,"HTTPConnectionPool(host='milifemitimes.com', port=80): Max retries exceeded with url: /content/view/145/76/ (Caused by NewConnectionError('<urllib3.connection.HTTPConnection object at 0x00000236D6C72C50>: Failed to establish a new connection: [Errno 11001] getaddrinfo failed'))",main_url,news,milifemitimes.com
http://www.newstarget.com/022074.html,False,False,False,,,,404 Client Error: Not Found for url: https://www.newstarget.com/022074.html,main_url,news,newstarget.com
http://www.news.harvard.edu/gazette/2007/09.27/99-longdiet.html,False,False,False,,,,404 Client Error: Not Found for url: https://news.harvard.edu/gazette/2007/09.27/99-longdiet.html,main_url,news,news.harvard.edu
http://news.yahoo.com/s/ap/20070928/ap_on_he_me/killer_amoeba;_ylt=AkhjTNU3guTM14.DecMZL6ms0NUE,True,False,True,,The latest news and headlines from Yahoo News. Get breaking news stories and in-depth coverage with videos and photos.,GenericHandler,,main_url,news,news.yahoo.com
http://www.timesonline.co.uk/tol/news/world/us_and_americas/article2547644.ece,True,False,True,,"The latest UK and world news, business, sport and comment from The Times and The Sunday Times",GenericHandler,,main_url,news,timesonline.co.uk
http://news.yahoo.com/s/ap/20070929/ap_on_re_la_am_ca/dengue_epidemic,True,False,True,,The latest news and headlines from Yahoo News. Get breaking news stories and in-depth coverage with videos and photos.,GenericHandler,,main_url,news,news.yahoo.com
http://space.newscientist.com/article.ns?id=dn12704&amp;feedId=space_rss20,False,False,False,,,,"HTTPConnectionPool(host='space.newscientist.com', port=80): Max retries exceeded with url: /article.ns?id=dn12704&amp;feedId=space_rss20 (Caused by NewConnectionError('<urllib3.connection.HTTPConnection object at 0x00000236D6C787C0>: Failed to establish a new connection: [Errno 11001] getaddrinfo failed'))",main_url,news,space.newscientist.com
"http://www.foxnews.com/story/0,2933,298499,00.html",False,False,False,,,,"404 Client Error: Not Found for url: https://www.foxnews.com/story/0,2933,298499,00.html",main_url,news,foxnews.com
http://www.news.harvard.edu/gazette/2007/09.27/01-gods.html,False,False,False,,,,404 Client Error: Not Found for url: https://news.harvard.edu/gazette/2007/09.27/01-gods.html,main_url,news,news.harvard.edu
http://www.news.harvard.edu/gazette/2007/09.27/01-gods.html,False,False,False,,,,404 Client Error: Not Found for url: https://news.harvard.edu/gazette/2007/09.27/01-gods.html,main_url,news,news.harvard.edu
http://www.nytimes.com/2007/09/26/business/26leonhardt.html?_r=1&amp;oref=slogin,True,False,True,,Two new research papers offer evidence that there is  a growing happiness gap between men and women.,GenericHandler,,main_url,news,nytimes.com
http://www.reuters.com/article/environmentNews/idUSL2815198120070928,False,False,False,,,,401 Client Error: HTTP Forbidden for url: https://www.reuters.com/article/environmentNews/idUSL2815198120070928,main_url,news,reuters.com
