url,success,doi_found,doi,extraction_method,pattern_matched,error,source,category,domain
http://messenger.jhuapl.edu/news_room/status_report_08_31_07.html,False,False,,,,404 Client Error: Not Found for url: https://messenger.jhuapl.edu/news_room/status_report_08_31_07.html,main_url,scientific,messenger.jhuapl.edu
http://scienceblogs.com/neurophilosophy/2007/08/a_novel_way_to_get_a_drink.php,False,False,,,,404 Client Error: Not Found for url: https://scienceblogs.com/neurophilosophy/2007/08/a_novel_way_to_get_a_drink.php,main_url,scientific,scienceblogs.com
http://science.nasa.gov/headlines/y2007/31aug_cockroaches.htm?list208336,False,False,,,,404 Client Error: Page not found: /headlines/y2007/31aug_cockroaches.htm for url: https://science.nasa.gov/headlines/y2007/31aug_cockroaches.htm?list208336,main_url,scientific,science.nasa.gov
http://scienceblogs.com/grrlscientist/2007/09/secondhand_smoke_causes_cancer.php,False,False,,,,404 Client Error: Not Found for url: https://scienceblogs.com/grrlscientist/2007/09/secondhand_smoke_causes_cancer.php,main_url,scientific,scienceblogs.com
http://www.sciencedaily.com/releases/2007/08/070831123432.htm,False,False,,,,403 Client Error: Forbidden for url: https://www.sciencedaily.com/releases/2007/08/070831123432.htm,main_url,scientific,sciencedaily.com
http://www.sciencemag.org/cgi/content/full/317/5842/1199,False,False,,,,403 Client Error: Forbidden for url: https://www.sciencemag.org/cgi/content/full/317/5842/1199,main_url,scientific,sciencemag.org
http://www.sciencedaily.com/releases/2007/08/070829170644.htm,False,False,,,,403 Client Error: Forbidden for url: https://www.sciencedaily.com/releases/2007/08/070829170644.htm,main_url,scientific,sciencedaily.com
http://www.sciencedaily.com/releases/2007/08/070831140621.htm,False,False,,,,403 Client Error: Forbidden for url: https://www.sciencedaily.com/releases/2007/08/070831140621.htm,main_url,scientific,sciencedaily.com
http://www.badscience.net/?p=520,False,False,,,,"HTTPSConnectionPool(host='www.badscience.net', port=443): Max retries exceeded with url: /?p=520 (Caused by SSLError(SSLCertVerificationError(1, '[SSL: CERTIFICATE_VERIFY_FAILED] certificate verify failed: unable to get local issuer certificate (_ssl.c:997)')))",main_url,scientific,badscience.net
http://scienceroll.com/2007/09/03/touchgraph-of-scienceroll/,False,False,,,,"HTTPConnectionPool(host='scienceroll.com', port=80): Max retries exceeded with url: /2007/09/03/touchgraph-of-scienceroll/ (Caused by NewConnectionError('<urllib3.connection.HTTPConnection object at 0x000001E9AD5CA1A0>: Failed to establish a new connection: [WinError 10061] No connection could be made because the target machine actively refused it'))",main_url,scientific,scienceroll.com
http://notexactlyrocketscience.wordpress.com/2007/09/04/new-plant-species-arise-from-conflicts-between-immune-system-genes/,True,True,10.1371/journal.pbio.0050236,text_content,"10\.\d{4,9}/[-._;()/:\w]+",,main_url,scientific,notexactlyrocketscience.wordpress.com
http://scienceroll.com/2007/09/04/the-genome-of-craig-venter/,False,False,,,,"HTTPConnectionPool(host='scienceroll.com', port=80): Max retries exceeded with url: /2007/09/04/the-genome-of-craig-venter/ (Caused by NewConnectionError('<urllib3.connection.HTTPConnection object at 0x000001E9ACA98A30>: Failed to establish a new connection: [WinError 10061] No connection could be made because the target machine actively refused it'))",main_url,scientific,scienceroll.com
http://scienceroll.com/2007/09/04/live-coverage-now-scifoo-lives-on-session-about-the-definition-of-open-science/,False,False,,,,"HTTPConnectionPool(host='scienceroll.com', port=80): Max retries exceeded with url: /2007/09/04/live-coverage-now-scifoo-lives-on-session-about-the-definition-of-open-science/ (Caused by NewConnectionError('<urllib3.connection.HTTPConnection object at 0x000001E9AD8EE290>: Failed to establish a new connection: [WinError 10061] No connection could be made because the target machine actively refused it'))",main_url,scientific,scienceroll.com
http://scienceblogs.com/insolence/2007/09/an_embarrassing_critique_of_the_enemies.php,False,False,,,,404 Client Error: Not Found for url: https://scienceblogs.com/insolence/2007/09/an_embarrassing_critique_of_the_enemies.php,main_url,scientific,scienceblogs.com
http://scienceblogs.com/cognitivedaily/2007/09/misleading_lie_detector_scienc.php,False,False,,,,404 Client Error: Not Found for url: https://scienceblogs.com/cognitivedaily/2007/09/misleading_lie_detector_scienc.php,main_url,scientific,scienceblogs.com
http://scienceroll.com/2007/09/04/7-tips-how-to-track-the-information-you-need/,False,False,,,,"HTTPConnectionPool(host='scienceroll.com', port=80): Max retries exceeded with url: /2007/09/04/7-tips-how-to-track-the-information-you-need/ (Caused by NewConnectionError('<urllib3.connection.HTTPConnection object at 0x000001E9ACEE26B0>: Failed to establish a new connection: [WinError 10061] No connection could be made because the target machine actively refused it'))",main_url,scientific,scienceroll.com
http://www.livescience.com/php/multimedia/imagegallery/igviewer.php?gid=46,True,False,,,,,main_url,scientific,livescience.com
http://scienceblogs.com/digitalbio/2007/09/watsons_genome_venters_genome.php,False,False,,,,404 Client Error: Not Found for url: https://scienceblogs.com/digitalbio/2007/09/watsons_genome_venters_genome.php,main_url,scientific,scienceblogs.com
http://scienceroll.com/2007/09/05/wikiprofessional-alpha-testing-a-wiki-of-web-30/,False,False,,,,"HTTPConnectionPool(host='scienceroll.com', port=80): Max retries exceeded with url: /2007/09/05/wikiprofessional-alpha-testing-a-wiki-of-web-30/ (Caused by NewConnectionError('<urllib3.connection.HTTPConnection object at 0x000001E9ACEE0B80>: Failed to establish a new connection: [WinError 10061] No connection could be made because the target machine actively refused it'))",main_url,scientific,scienceroll.com
http://scienceblogs.com/digitalbio/2007/09/genetic_variation_i_what_is_a.php,False,False,,,,404 Client Error: Not Found for url: https://scienceblogs.com/digitalbio/2007/09/genetic_variation_i_what_is_a.php,main_url,scientific,scienceblogs.com
http://scienceroll.com/2007/09/05/kidney-stones-and-photography/,False,False,,,,"HTTPConnectionPool(host='scienceroll.com', port=80): Max retries exceeded with url: /2007/09/05/kidney-stones-and-photography/ (Caused by NewConnectionError('<urllib3.connection.HTTPConnection object at 0x000001E9ACEE0A30>: Failed to establish a new connection: [WinError 10061] No connection could be made because the target machine actively refused it'))",main_url,scientific,scienceroll.com
http://notexactlyrocketscience.wordpress.com/2007/09/05/moray-eels-attack-alien-style-with-second-pair-of-jaws/,True,False,,,,,main_url,scientific,notexactlyrocketscience.wordpress.com
http://scienceblogs.com/zooillogix/2007/09/video_game_violence_leads_to_m.php,False,False,,,,404 Client Error: Not Found for url: https://scienceblogs.com/zooillogix/2007/09/video_game_violence_leads_to_m.php,main_url,scientific,scienceblogs.com
http://www.sciencedaily.com/releases/2007/09/070904142918.htm,False,False,,,,403 Client Error: Forbidden for url: https://www.sciencedaily.com/releases/2007/09/070904142918.htm,main_url,scientific,sciencedaily.com
http://scienceblogs.com/neurotopia/2007/09/breaking_christian_university.php,False,False,,,,404 Client Error: Not Found for url: https://scienceblogs.com/neurotopia/2007/09/breaking_christian_university.php,main_url,scientific,scienceblogs.com
http://scienceblogs.com/neurophilosophy/2007/09/science_manga_instructions_for.php,False,False,,,,404 Client Error: Not Found for url: https://scienceblogs.com/neurophilosophy/2007/09/science_manga_instructions_for.php,main_url,scientific,scienceblogs.com
http://scienceblogs.com/pharyngula/2007/09/battling_giants.php,False,False,,,,404 Client Error: Not Found for url: https://scienceblogs.com/pharyngula/2007/09/battling_giants.php,main_url,scientific,scienceblogs.com
http://www.livescience.com/environment/070906_gw_atlas.html,True,False,,,,,main_url,scientific,livescience.com
http://scienceblogs.com/digitalbio/2007/09/watsons_genome_venters_genome.php?utm_source=sbhomepage&amp;utm_medium=link&amp;utm_content=sublink,False,False,,,,404 Client Error: Not Found for url: https://scienceblogs.com/digitalbio/2007/09/watsons_genome_venters_genome.php?utm_source=sbhomepage&amp;utm_medium=link&amp;utm_content=sublink,main_url,scientific,scienceblogs.com
http://www.scientificblogging.com/hank/the_least_known_war_in_science_does_hiv_cause_aids#comment-1600,True,False,,,,,main_url,scientific,scientificblogging.com
http://www.scientificblogging.com/hank/the_least_known_war_in_science_does_hiv_cause_aids#comment-1600,True,False,,,,,main_url,scientific,scientificblogging.com
http://scienceblogs.com/aetiology/2007/09/ah_e_coliis_there_any_limit_to.php,False,False,,,,404 Client Error: Not Found for url: https://scienceblogs.com/aetiology/2007/09/ah_e_coliis_there_any_limit_to.php,main_url,scientific,scienceblogs.com
http://science-student.com/math-resources/calculus-cheat-sheet-with-formulas-identities-and-theorems,False,False,,,,404 Client Error: Not Found for url: https://www.science-student.com/math-resources/calculus-cheat-sheet-with-formulas-identities-and-theorems,main_url,scientific,science-student.com
http://stardustathome.ssl.berkeley.edu/index.php,True,False,,,,,main_url,scientific,stardustathome.ssl.berkeley.edu
http://www.spectrum.ieee.org/sep07/5498,False,False,,,,"HTTPSConnectionPool(host='www.spectrum.ieee.org', port=443): Max retries exceeded with url: /sep07/5498 (Caused by SSLError(CertificateError(""hostname 'www.spectrum.ieee.org' doesn't match 'n.sni-347-default.ssl.fastly.net'"")))",main_url,scientific,spectrum.ieee.org
http://scienceblogs.com/aetiology/2007/09/life_imitates_art_imitating_li.php,False,False,,,,404 Client Error: Not Found for url: https://scienceblogs.com/aetiology/2007/09/life_imitates_art_imitating_li.php,main_url,scientific,scienceblogs.com
http://scienceblogs.com/grrlscientist/2007/09/black_box_warnings_on_antidepr.php,False,False,,,,404 Client Error: Not Found for url: https://scienceblogs.com/grrlscientist/2007/09/black_box_warnings_on_antidepr.php,main_url,scientific,scienceblogs.com
http://scienceblogs.com/thusspakezuska/2007/09/networked_science_whos_it_good.php,False,False,,,,404 Client Error: Not Found for url: https://scienceblogs.com/thusspakezuska/2007/09/networked_science_whos_it_good.php,main_url,scientific,scienceblogs.com
http://scienceblogs.com/denialism/2007/09/whats_killing_the_bees_iapv_ap.php,False,False,,,,404 Client Error: Not Found for url: https://scienceblogs.com/denialism/2007/09/whats_killing_the_bees_iapv_ap.php,main_url,scientific,scienceblogs.com
http://scienceblogs.com/denialism/2007/09/mythbusting_its_harder_than_yo.php,False,False,,,,404 Client Error: Not Found for url: https://scienceblogs.com/denialism/2007/09/mythbusting_its_harder_than_yo.php,main_url,scientific,scienceblogs.com
http://scienceblogs.com/neurophilosophy/2007/09/amazing_boomerang_photo.php,False,False,,,,404 Client Error: Not Found for url: https://scienceblogs.com/neurophilosophy/2007/09/amazing_boomerang_photo.php,main_url,scientific,scienceblogs.com
http://www.sciencepunk.com/v5/2007/09/water-surface-as-a-music-controller-toriton-plus/,False,False,,,,404 Client Error: Not Found for url: http://sciencepunk.com/v5/2007/09/water-surface-as-a-music-controller-toriton-plus/,main_url,scientific,sciencepunk.com
http://www.scienceblog.com/cms/creeptastic-moray-eels-have-jaws-alien-14134.html,False,False,,,,404 Client Error: Not Found for url: https://scienceblog.com/cms/creeptastic-moray-eels-have-jaws-alien-14134.html,main_url,scientific,scienceblog.com
http://www.scienceinreview.com/2007/stem-cells-to-repair-the-heart.html,False,False,,,,"HTTPConnectionPool(host='www.scienceinreview.com', port=80): Max retries exceeded with url: /2007/stem-cells-to-repair-the-heart.html (Caused by NewConnectionError('<urllib3.connection.HTTPConnection object at 0x000001E9AD73CE50>: Failed to establish a new connection: [Errno 11001] getaddrinfo failed'))",main_url,scientific,scienceinreview.com
http://scienceblogs.com/thusspakezuska/2007/09/friday_bookshelf_james_d_watso.php,False,False,,,,404 Client Error: Not Found for url: https://scienceblogs.com/thusspakezuska/2007/09/friday_bookshelf_james_d_watso.php,main_url,scientific,scienceblogs.com
http://www.berkeley.edu/news/media/releases/2007/09/05_WhaleSonar.shtml,True,False,,,,,main_url,scientific,berkeley.edu
http://scienceblogs.com/catdynamics/2007/09/old_ice.php,False,False,,,,404 Client Error: Not Found for url: https://scienceblogs.com/catdynamics/2007/09/old_ice.php,main_url,scientific,scienceblogs.com
http://scienceblogs.com/digitalbio/2007/09/overwhelmed_by_information.php,False,False,,,,404 Client Error: Not Found for url: https://scienceblogs.com/digitalbio/2007/09/overwhelmed_by_information.php,main_url,scientific,scienceblogs.com
http://sitemason.vanderbilt.edu/newspub/bjfTyg?id=37167,False,False,,,,"HTTPConnectionPool(host='sitemason.vanderbilt.edu', port=80): Max retries exceeded with url: /newspub/bjfTyg?id=37167 (Caused by ConnectTimeoutError(<urllib3.connection.HTTPConnection object at 0x000001E9AD73D510>, 'Connection to sitemason.vanderbilt.edu timed out. (connect timeout=10)'))",main_url,scientific,sitemason.vanderbilt.edu
http://www.sciencehumor.org/2007/nanobot-nanohell/,True,False,,,,,main_url,scientific,sciencehumor.org
http://scienceblogs.com/grrlscientist/2007/09/alex_the_grey_parrot_colleague.php,False,False,,,,404 Client Error: Not Found for url: https://scienceblogs.com/grrlscientist/2007/09/alex_the_grey_parrot_colleague.php,main_url,scientific,scienceblogs.com
http://scienceblogs.com/grrlscientist/2007/09/alex_the_grey_parrot_colleague.php,False,False,,,,404 Client Error: Not Found for url: https://scienceblogs.com/grrlscientist/2007/09/alex_the_grey_parrot_colleague.php,main_url,scientific,scienceblogs.com
http://scienceblogs.com/grrlscientist/2007/09/alex_the_grey_parrot_colleague.php,False,False,,,,404 Client Error: Not Found for url: https://scienceblogs.com/grrlscientist/2007/09/alex_the_grey_parrot_colleague.php,main_url,scientific,scienceblogs.com
"http://education.guardian.co.uk/egweekly/story/0,,2157054,00.html",True,False,,,,,main_url,scientific,education.guardian.co.uk
http://www.nature.com/news/2007/070903/full/070903-19.html;jsessionid=209CA12217579D14E817855768C4A49F,True,False,,,,,main_url,scientific,nature.com
http://www.sciencedaily.com/releases/2007/09/070904082539.htm,False,False,,,,403 Client Error: Forbidden for url: https://www.sciencedaily.com/releases/2007/09/070904082539.htm,main_url,scientific,sciencedaily.com
http://www.scientificblogging.com/georg_von_hippel/the_physics_of_the_didgeridoo,False,False,,,,404 Client Error: Not Found for url: https://www.science20.com/georg_von_hippel/the_physics_of_the_didgeridoo,main_url,scientific,scientificblogging.com
http://scienceblogs.com/clock/2007/09/pay_attention_in_biology_class.php,False,False,,,,404 Client Error: Not Found for url: https://scienceblogs.com/clock/2007/09/pay_attention_in_biology_class.php,main_url,scientific,scienceblogs.com
http://scienceblogs.com/clock/2007/09/pay_attention_in_biology_class.php,False,False,,,,404 Client Error: Not Found for url: https://scienceblogs.com/clock/2007/09/pay_attention_in_biology_class.php,main_url,scientific,scienceblogs.com
http://scienceandpublicpolicy.org/sppi_originals/peerreview.html,True,False,,,,,main_url,scientific,scienceandpublicpolicy.org
http://www.sciencedaily.com/releases/2007/09/070910094305.htm,False,False,,,,403 Client Error: Forbidden for url: https://www.sciencedaily.com/releases/2007/09/070910094305.htm,main_url,scientific,sciencedaily.com
http://scienceroll.com/2007/09/10/live-coverage-scifoo-lives-on-session-about-videos-in-science/,False,False,,,,"HTTPConnectionPool(host='scienceroll.com', port=80): Max retries exceeded with url: /2007/09/10/live-coverage-scifoo-lives-on-session-about-videos-in-science/ (Caused by NewConnectionError('<urllib3.connection.HTTPConnection object at 0x000001E9AD6B3160>: Failed to establish a new connection: [WinError 10061] No connection could be made because the target machine actively refused it'))",main_url,scientific,scienceroll.com
http://www.sciencepunk.com/v5/2007/09/the-ingenious-suicide-of-william-vogut/,False,False,,,,404 Client Error: Not Found for url: http://sciencepunk.com/v5/2007/09/the-ingenious-suicide-of-william-vogut/,main_url,scientific,sciencepunk.com
http://www.sciencedaily.com/releases/2007/09/070910100314.htm,False,False,,,,403 Client Error: Forbidden for url: https://www.sciencedaily.com/releases/2007/09/070910100314.htm,main_url,scientific,sciencedaily.com
http://www.palomar.edu/oceanography/salty_ocean.htm,False,False,,,,404 Client Error: Not Found for url: https://www.palomar.edu/oceanography/salty_ocean.htm,main_url,scientific,palomar.edu
http://www.palomar.edu/oceanography/salty_ocean.htm,False,False,,,,404 Client Error: Not Found for url: https://www.palomar.edu/oceanography/salty_ocean.htm,main_url,scientific,palomar.edu
http://www.scienceblogs.com/cognitivedaily/2007/09/men_prefer_more_attractive_fac.php,False,False,,,,404 Client Error: Not Found for url: https://www.scienceblogs.com/cognitivedaily/2007/09/men_prefer_more_attractive_fac.php,main_url,scientific,scienceblogs.com
http://www.sciencedaily.com/releases/2007/09/070909221303.htm,False,False,,,,403 Client Error: Forbidden for url: https://www.sciencedaily.com/releases/2007/09/070909221303.htm,main_url,scientific,sciencedaily.com
http://scienceblogs.com/grrlscientist/2007/09/today_is_world_suicide_prevent.php,False,False,,,,404 Client Error: Not Found for url: https://scienceblogs.com/grrlscientist/2007/09/today_is_world_suicide_prevent.php,main_url,scientific,scienceblogs.com
http://scienceblogs.com/aetiology/2007/09/world_rabies_day.php,False,False,,,,404 Client Error: Not Found for url: https://scienceblogs.com/aetiology/2007/09/world_rabies_day.php,main_url,scientific,scienceblogs.com
http://notexactlyrocketscience.wordpress.com/2007/09/10/genetic-study-puts-damper-on-gray-whales%e2%80%99-comeback/,True,True,10.1073/pnas.0706056104,text_content,"10\.\d{4,9}/[-._;()/:\w]+",,main_url,scientific,notexactlyrocketscience.wordpress.com
http://www.sciencedaily.com/releases/2007/09/070905103033.htm,False,False,,,,403 Client Error: Forbidden for url: https://www.sciencedaily.com/releases/2007/09/070905103033.htm,main_url,scientific,sciencedaily.com
http://www.sciencedaily.com/upi/index.php?feed=Science&amp;article=UPI-1-20070910-14185700-bc-us-drugevents.xml,False,False,,,,403 Client Error: Forbidden for url: https://www.sciencedaily.com/upi/index.php?feed=Science&amp;article=UPI-1-20070910-14185700-bc-us-drugevents.xml,main_url,scientific,sciencedaily.com
http://www.sciencedaily.com/upi/index.php?feed=Science&amp;article=UPI-1-20070910-14185700-bc-us-drugevents.xml,False,False,,,,403 Client Error: Forbidden for url: https://www.sciencedaily.com/upi/index.php?feed=Science&amp;article=UPI-1-20070910-14185700-bc-us-drugevents.xml,main_url,scientific,sciencedaily.com
http://www.sciencefriday.com/video/082807/diablohawk082807.html,False,False,,,,404 Client Error: Not Found for url: https://www.sciencefriday.com/video/082807/diablohawk082807.html,main_url,scientific,sciencefriday.com
http://scienceblogs.com/omnibrain/2007/09/unhealthy_overweight_people_sh.php,False,False,,,,404 Client Error: Not Found for url: https://scienceblogs.com/omnibrain/2007/09/unhealthy_overweight_people_sh.php,main_url,scientific,scienceblogs.com
http://scienceblogs.com/aetiology/2007/09/ebola_outbreak_confirmed_in_co.php,False,False,,,,404 Client Error: Not Found for url: https://scienceblogs.com/aetiology/2007/09/ebola_outbreak_confirmed_in_co.php,main_url,scientific,scienceblogs.com
http://www.sciencedaily.com/releases/2007/09/070911073921.htm,False,False,,,,403 Client Error: Forbidden for url: https://www.sciencedaily.com/releases/2007/09/070911073921.htm,main_url,scientific,sciencedaily.com
http://scienceblogs.com/omnibrain/2007/09/guide_to_toture_available_onli.php,False,False,,,,404 Client Error: Not Found for url: https://scienceblogs.com/omnibrain/2007/09/guide_to_toture_available_onli.php,main_url,scientific,scienceblogs.com
http://www.nature.com/news/2007/070903/full/070903-19.html;jsessionid=199A3B923FD3D1690C8CE1F9F145C66C,True,False,,,,,main_url,scientific,nature.com
http://scienceblogs.com/intersection/2007/09/boys_are_easy.php,False,False,,,,404 Client Error: Not Found for url: https://scienceblogs.com/intersection/2007/09/boys_are_easy.php,main_url,scientific,scienceblogs.com
http://www.livescience.com/healthday/601288.html,False,False,,,,404 Client Error: Not Found for url: https://www.livescience.com/healthday/601288.html,main_url,scientific,livescience.com
http://scienceblogs.com/digitalbio/2007/09/post_2.php,False,False,,,,404 Client Error: Not Found for url: https://scienceblogs.com/digitalbio/2007/09/post_2.php,main_url,scientific,scienceblogs.com
http://www.livescience.com/technology/070911_smarts_cars.html,True,False,,,,,main_url,scientific,livescience.com
http://scienceblogs.com/omnibrain/2007/09/the_most_offensive_equation_in.php,False,False,,,,404 Client Error: Not Found for url: https://scienceblogs.com/omnibrain/2007/09/the_most_offensive_equation_in.php,main_url,scientific,scienceblogs.com
http://www.uaf.edu/news/headlines/20070907181412.html,False,False,,,,404 Client Error: Not Found for url: https://www.uaf.edu/news/headlines/20070907181412.html,main_url,scientific,uaf.edu
http://www.bio.miami.edu/dana/pix/diatoms.jpg,False,False,,,,"HTTPSConnectionPool(host='www.bio.miami.edu', port=443): Max retries exceeded with url: /dana/pix/diatoms.jpg (Caused by SSLError(SSLCertVerificationError(1, '[SSL: CERTIFICATE_VERIFY_FAILED] certificate verify failed: unable to get local issuer certificate (_ssl.c:997)')))",main_url,scientific,bio.miami.edu
http://www.bio.miami.edu/dana/pix/diatoms.jpg,False,False,,,,"HTTPSConnectionPool(host='www.bio.miami.edu', port=443): Max retries exceeded with url: /dana/pix/diatoms.jpg (Caused by SSLError(SSLCertVerificationError(1, '[SSL: CERTIFICATE_VERIFY_FAILED] certificate verify failed: unable to get local issuer certificate (_ssl.c:997)')))",main_url,scientific,bio.miami.edu
http://scienceblogs.com/terrasig/2007/09/reed_elseviers_experiment_with.php,False,False,,,,404 Client Error: Not Found for url: https://scienceblogs.com/terrasig/2007/09/reed_elseviers_experiment_with.php,main_url,scientific,scienceblogs.com
http://www.scienceinreview.com/2007/extreme-male-brain-autism-linked-to-high-foetal-testosterone-levels.html,False,False,,,,"HTTPConnectionPool(host='www.scienceinreview.com', port=80): Max retries exceeded with url: /2007/extreme-male-brain-autism-linked-to-high-foetal-testosterone-levels.html (Caused by NewConnectionError('<urllib3.connection.HTTPConnection object at 0x000001E9ACA2F1F0>: Failed to establish a new connection: [Errno 11001] getaddrinfo failed'))",main_url,scientific,scienceinreview.com
http://scienceblogs.com/thusspakezuska/2007/09/gender_equity_and_the_poor_dis.php,False,False,,,,404 Client Error: Not Found for url: https://scienceblogs.com/thusspakezuska/2007/09/gender_equity_and_the_poor_dis.php,main_url,scientific,scienceblogs.com
http://scienceblogs.com/aetiology/2007/09/raise_gas_prices_to_slim_down.php,False,False,,,,404 Client Error: Not Found for url: https://scienceblogs.com/aetiology/2007/09/raise_gas_prices_to_slim_down.php,main_url,scientific,scienceblogs.com
http://scienceblogs.com/evolutionblog/2007/09/the_gauntlet_is_thrown.php,False,False,,,,404 Client Error: Not Found for url: https://scienceblogs.com/evolutionblog/2007/09/the_gauntlet_is_thrown.php,main_url,scientific,scienceblogs.com
http://scienceblogs.com/pharyngula/2007/09/another_creationist_serial_lit.php,False,False,,,,404 Client Error: Not Found for url: https://scienceblogs.com/pharyngula/2007/09/another_creationist_serial_lit.php,main_url,scientific,scienceblogs.com
http://math.ucr.edu/home/baez/books.html,True,False,,,,,main_url,scientific,math.ucr.edu
http://scienceblogs.com/deepseanews/2007/09/microbial_bioprospecting_in_th.php,False,False,,,,404 Client Error: Not Found for url: https://scienceblogs.com/deepseanews/2007/09/microbial_bioprospecting_in_th.php,main_url,scientific,scienceblogs.com
http://www.sciencedaily.com/releases/2007/09/070905155141.htm,False,False,,,,403 Client Error: Forbidden for url: https://www.sciencedaily.com/releases/2007/09/070905155141.htm,main_url,scientific,sciencedaily.com
http://www.sciencedaily.com/releases/2007/09/070905155141.htm,False,False,,,,403 Client Error: Forbidden for url: https://www.sciencedaily.com/releases/2007/09/070905155141.htm,main_url,scientific,sciencedaily.com
http://www.scienceinreview.com/2007/dna-forensics-how-dna-fingerprinting-works.html,False,False,,,,"HTTPConnectionPool(host='www.scienceinreview.com', port=80): Max retries exceeded with url: /2007/dna-forensics-how-dna-fingerprinting-works.html (Caused by NewConnectionError('<urllib3.connection.HTTPConnection object at 0x000001E9ACA2FD00>: Failed to establish a new connection: [Errno 11001] getaddrinfo failed'))",main_url,scientific,scienceinreview.com
http://www.spectrum.ieee.org/sep07/5487,False,False,,,,"HTTPSConnectionPool(host='www.spectrum.ieee.org', port=443): Max retries exceeded with url: /sep07/5487 (Caused by SSLError(CertificateError(""hostname 'www.spectrum.ieee.org' doesn't match 'n.sni-347-default.ssl.fastly.net'"")))",main_url,scientific,spectrum.ieee.org
http://scienceblogs.com/omnibrain/2007/09/congratulations_russia_on_your.php,False,False,,,,404 Client Error: Not Found for url: https://scienceblogs.com/omnibrain/2007/09/congratulations_russia_on_your.php,main_url,scientific,scienceblogs.com
http://scienceblogs.com/deepseanews/2007/09/i_gotta_have_more_microbes.php,False,False,,,,404 Client Error: Not Found for url: https://scienceblogs.com/deepseanews/2007/09/i_gotta_have_more_microbes.php,main_url,scientific,scienceblogs.com
http://scienceblogs.com/grrlscientist/2007/09/chocolate_and_addiction.php,False,False,,,,404 Client Error: Not Found for url: https://scienceblogs.com/grrlscientist/2007/09/chocolate_and_addiction.php,main_url,scientific,scienceblogs.com
http://notexactlyrocketscience.wordpress.com/2007/09/12/did-climate-change-kill-off-the-neanderthals-not-likely%e2%80%a6/,True,True,10.1038/nature06117,text_content,"10\.\d{4,9}/[-._;()/:\w]+",,main_url,scientific,notexactlyrocketscience.wordpress.com
http://www.scientificblogging.com/hank/who_won_the_americas_cup_yacht_race_applied_mathematics?full=1,True,False,,,,,main_url,scientific,scientificblogging.com
http://www.sciencedaily.com/releases/2007/09/070912130815.htm,False,False,,,,403 Client Error: Forbidden for url: https://www.sciencedaily.com/releases/2007/09/070912130815.htm,main_url,scientific,sciencedaily.com
http://www.sciencedaily.com/releases/2007/09/070911202453.htm,False,False,,,,403 Client Error: Forbidden for url: https://www.sciencedaily.com/releases/2007/09/070911202453.htm,main_url,scientific,sciencedaily.com
http://scienceroll.com/2007/09/13/personalized-genetics-dna-20-and-the-best-thoughts-on-our-genome/,False,False,,,,"HTTPConnectionPool(host='scienceroll.com', port=80): Max retries exceeded with url: /2007/09/13/personalized-genetics-dna-20-and-the-best-thoughts-on-our-genome/ (Caused by NewConnectionError('<urllib3.connection.HTTPConnection object at 0x000001E9AD72D1B0>: Failed to establish a new connection: [WinError 10061] No connection could be made because the target machine actively refused it'))",main_url,scientific,scienceroll.com
http://www.sciencedaily.com/releases/2007/09/070913103615.htm,False,False,,,,403 Client Error: Forbidden for url: https://www.sciencedaily.com/releases/2007/09/070913103615.htm,main_url,scientific,sciencedaily.com
http://scienceblogs.com/cognitivedaily/2007/09/in_1999_melissa_kamins_and.php,False,False,,,,404 Client Error: Not Found for url: https://scienceblogs.com/cognitivedaily/2007/09/in_1999_melissa_kamins_and.php,main_url,scientific,scienceblogs.com
http://scienceblogs.com/cognitivedaily/2007/09/does_fear_really_slow_down_tim.php,False,False,,,,404 Client Error: Not Found for url: https://scienceblogs.com/cognitivedaily/2007/09/does_fear_really_slow_down_tim.php,main_url,scientific,scienceblogs.com
http://scienceblogs.com/grrlscientist/2007/09/news_especially_for_my_europea.php,False,False,,,,404 Client Error: Not Found for url: https://scienceblogs.com/grrlscientist/2007/09/news_especially_for_my_europea.php,main_url,scientific,scienceblogs.com
http://www.scienceinreview.com/2007/what-is-this-ebola-thing.html,False,False,,,,"HTTPConnectionPool(host='www.scienceinreview.com', port=80): Max retries exceeded with url: /2007/what-is-this-ebola-thing.html (Caused by NewConnectionError('<urllib3.connection.HTTPConnection object at 0x000001E9AD72EDA0>: Failed to establish a new connection: [Errno 11001] getaddrinfo failed'))",main_url,scientific,scienceinreview.com
http://scienceblogs.com/pharyngula/2007/09/dover_trial_intelligent_design.php,False,False,,,,404 Client Error: Not Found for url: https://scienceblogs.com/pharyngula/2007/09/dover_trial_intelligent_design.php,main_url,scientific,scienceblogs.com
http://www.badscience.net/?p=528,False,False,,,,"HTTPSConnectionPool(host='www.badscience.net', port=443): Max retries exceeded with url: /?p=528 (Caused by SSLError(SSLCertVerificationError(1, '[SSL: CERTIFICATE_VERIFY_FAILED] certificate verify failed: unable to get local issuer certificate (_ssl.c:997)')))",main_url,scientific,badscience.net
http://web.maths.unsw.edu.au/~norman/views2.htm,False,False,,,,"HTTPSConnectionPool(host='web.maths.unsw.edu.au', port=443): Max retries exceeded with url: /~norman/views2.htm (Caused by SSLError(SSLCertVerificationError(1, '[SSL: CERTIFICATE_VERIFY_FAILED] certificate verify failed: unable to get local issuer certificate (_ssl.c:997)')))",main_url,scientific,web.maths.unsw.edu.au
http://scienceblogs.com/omnibrain/2007/09/old_men_chasing_the_tail_good.php,False,False,,,,404 Client Error: Not Found for url: https://scienceblogs.com/omnibrain/2007/09/old_men_chasing_the_tail_good.php,main_url,scientific,scienceblogs.com
http://www.sciencemag.org/cgi/content/abstract/1144079,False,False,,,,403 Client Error: Forbidden for url: https://www.sciencemag.org/cgi/content/abstract/1144079,main_url,scientific,sciencemag.org
http://www.sciencedaily.com/releases/2007/09/070914105600.htm,False,False,,,,403 Client Error: Forbidden for url: https://www.sciencedaily.com/releases/2007/09/070914105600.htm,main_url,scientific,sciencedaily.com
http://scienceroll.com/2007/09/14/creative-medicine-related-ads/,False,False,,,,"HTTPConnectionPool(host='scienceroll.com', port=80): Max retries exceeded with url: /2007/09/14/creative-medicine-related-ads/ (Caused by NewConnectionError('<urllib3.connection.HTTPConnection object at 0x000001E9AD72FCA0>: Failed to establish a new connection: [WinError 10061] No connection could be made because the target machine actively refused it'))",main_url,scientific,scienceroll.com
http://scienceblogs.com/loom/2007/09/10/todays_odd_bedfellows_spit_yea.php,False,False,,,,404 Client Error: Not Found for url: https://scienceblogs.com/loom/2007/09/10/todays_odd_bedfellows_spit_yea.php,main_url,scientific,scienceblogs.com
http://www.nature.com/news/2007/070910/full/070910-13.html,True,False,,,,,main_url,scientific,nature.com
http://www.nature.com/news/2007/070910/full/070910-13.html,True,False,,,,,main_url,scientific,nature.com
http://www.nature.com/news/2007/070910/full/070910-13.html,True,False,,,,,main_url,scientific,nature.com
http://www.nature.com/news/2007/070910/full/070910-13.html,True,False,,,,,main_url,scientific,nature.com
http://www.nature.com/news/2007/070910/full/070910-13.html,True,False,,,,,main_url,scientific,nature.com
http://www.nature.com/news/2007/070910/full/070910-13.html,True,False,,,,,main_url,scientific,nature.com
http://www.nature.com/news/2007/070910/full/070910-13.html,True,False,,,,,main_url,scientific,nature.com
http://www.nature.com/news/2007/070910/full/070910-13.html,True,False,,,,,main_url,scientific,nature.com
http://www.nature.com/news/2007/070910/full/070910-13.html,True,False,,,,,main_url,scientific,nature.com
http://www.nature.com/news/2007/070910/full/070910-13.html,True,False,,,,,main_url,scientific,nature.com
http://www.nature.com/news/2007/070910/full/070910-13.html,True,False,,,,,main_url,scientific,nature.com
http://www.nature.com/news/2007/070910/full/070910-13.html,True,False,,,,,main_url,scientific,nature.com
http://www.nature.com/news/2007/070910/full/070910-13.html,True,False,,,,,main_url,scientific,nature.com
http://www.nature.com/news/2007/070910/full/070910-13.html,True,False,,,,,main_url,scientific,nature.com
http://www.nature.com/news/2007/070910/full/070910-13.html,True,False,,,,,main_url,scientific,nature.com
http://www.nature.com/news/2007/070910/full/070910-13.html,True,False,,,,,main_url,scientific,nature.com
http://www.nature.com/news/2007/070910/full/070910-13.html,True,False,,,,,main_url,scientific,nature.com
http://www.nature.com/news/2007/070910/full/070910-13.html,True,False,,,,,main_url,scientific,nature.com
http://www.nature.com/news/2007/070910/full/070910-13.html,True,False,,,,,main_url,scientific,nature.com
http://www.nature.com/news/2007/070910/full/070910-13.html,True,False,,,,,main_url,scientific,nature.com
http://www.nature.com/news/2007/070910/full/070910-13.html,True,False,,,,,main_url,scientific,nature.com
http://www.nature.com/news/2007/070910/full/070910-13.html,True,False,,,,,main_url,scientific,nature.com
http://www.nature.com/news/2007/070910/full/070910-13.html,True,False,,,,,main_url,scientific,nature.com
http://www.nature.com/news/2007/070910/full/070910-13.html,True,False,,,,,main_url,scientific,nature.com
http://www.nature.com/news/2007/070910/full/070910-13.html,True,False,,,,,main_url,scientific,nature.com
http://www.nature.com/news/2007/070910/full/070910-13.html,True,False,,,,,main_url,scientific,nature.com
http://www.nature.com/news/2007/070910/full/070910-13.html,True,False,,,,,main_url,scientific,nature.com
http://www.nature.com/news/2007/070910/full/070910-13.html,True,False,,,,,main_url,scientific,nature.com
http://www.nature.com/news/2007/070910/full/070910-13.html,True,False,,,,,main_url,scientific,nature.com
http://www.nature.com/news/2007/070910/full/070910-13.html,True,False,,,,,main_url,scientific,nature.com
http://www.nature.com/news/2007/070910/full/070910-13.html,True,False,,,,,main_url,scientific,nature.com
http://www.nature.com/news/2007/070910/full/070910-13.html,True,False,,,,,main_url,scientific,nature.com
http://www.nature.com/news/2007/070910/full/070910-13.html,True,False,,,,,main_url,scientific,nature.com
http://www.nature.com/news/2007/070910/full/070910-13.html,True,False,,,,,main_url,scientific,nature.com
http://www.nature.com/news/2007/070910/full/070910-13.html,True,False,,,,,main_url,scientific,nature.com
http://www.nature.com/news/2007/070910/full/070910-13.html,True,False,,,,,main_url,scientific,nature.com
http://www.nature.com/news/2007/070910/full/070910-13.html,True,False,,,,,main_url,scientific,nature.com
http://www.nature.com/news/2007/070910/full/070910-13.html,True,False,,,,,main_url,scientific,nature.com
http://www.nature.com/news/2007/070910/full/070910-13.html,True,False,,,,,main_url,scientific,nature.com
http://www.nature.com/news/2007/070910/full/070910-13.html,True,False,,,,,main_url,scientific,nature.com
http://www.nature.com/news/2007/070910/full/070910-13.html,True,False,,,,,main_url,scientific,nature.com
http://www.nature.com/news/2007/070910/full/070910-13.html,True,False,,,,,main_url,scientific,nature.com
http://notexactlyrocketscience.wordpress.com/2007/09/14/trout-with-salmon-parents-could-help-to-revive-endangered-fish-species/,True,False,,,,,main_url,scientific,notexactlyrocketscience.wordpress.com
http://www.badscience.net/?p=531,False,False,,,,"HTTPSConnectionPool(host='www.badscience.net', port=443): Max retries exceeded with url: /?p=531 (Caused by SSLError(SSLCertVerificationError(1, '[SSL: CERTIFICATE_VERIFY_FAILED] certificate verify failed: unable to get local issuer certificate (_ssl.c:997)')))",main_url,scientific,badscience.net
http://scienceroll.com/2007/09/15/sclipo-teach-and-learn-with-webcam/,False,False,,,,"HTTPConnectionPool(host='scienceroll.com', port=80): Max retries exceeded with url: /2007/09/15/sclipo-teach-and-learn-with-webcam/ (Caused by NewConnectionError('<urllib3.connection.HTTPConnection object at 0x000001E9AD3FD390>: Failed to establish a new connection: [WinError 10061] No connection could be made because the target machine actively refused it'))",main_url,scientific,scienceroll.com
http://sciencehack.com/videos/view/KYWM2oZgi4E,False,False,,,,410 Client Error: Gone for url: http://sciencehack.com/videos/view/KYWM2oZgi4E,main_url,scientific,sciencehack.com
http://scienceroll.com/2007/09/15/please-donate-my-dream-is-to-have-my-genome-sequenced/,False,False,,,,"HTTPConnectionPool(host='scienceroll.com', port=80): Max retries exceeded with url: /2007/09/15/please-donate-my-dream-is-to-have-my-genome-sequenced/ (Caused by NewConnectionError('<urllib3.connection.HTTPConnection object at 0x000001E9AD1A0400>: Failed to establish a new connection: [WinError 10061] No connection could be made because the target machine actively refused it'))",main_url,scientific,scienceroll.com
http://scienceblogs.com/deltoid/2007/09/would_you_eat_wormy_sweet_corn.php,False,False,,,,404 Client Error: Not Found for url: https://scienceblogs.com/deltoid/2007/09/would_you_eat_wormy_sweet_corn.php,main_url,scientific,scienceblogs.com
http://www.sciencedaily.com/releases/2007/09/070914095402.htm,False,False,,,,403 Client Error: Forbidden for url: https://www.sciencedaily.com/releases/2007/09/070914095402.htm,main_url,scientific,sciencedaily.com
http://www.sciencedaily.com/releases/2007/09/070914183700.htm,False,False,,,,403 Client Error: Forbidden for url: https://www.sciencedaily.com/releases/2007/09/070914183700.htm,main_url,scientific,sciencedaily.com
http://sciencenow.sciencemag.org/cgi/content/full/2007/910/3?etoc,False,False,,,,403 Client Error: Forbidden for url: https://sciencenow.sciencemag.org/cgi/content/full/2007/910/3?etoc,main_url,scientific,sciencenow.sciencemag.org
http://www.sciencedaily.com/releases/2007/09/070912094040.htm,False,False,,,,403 Client Error: Forbidden for url: https://www.sciencedaily.com/releases/2007/09/070912094040.htm,main_url,scientific,sciencedaily.com
http://www.sciencedaily.com/upi/index.php?feed=Science&amp;article=UPI-1-20070912-12252100-bc-britain-walking.xml,False,False,,,,403 Client Error: Forbidden for url: https://www.sciencedaily.com/upi/index.php?feed=Science&amp;article=UPI-1-20070912-12252100-bc-britain-walking.xml,main_url,scientific,sciencedaily.com
http://sciencetrack.blogspot.com/2007/09/top-10-scientific-discoveries.html,False,False,,,,404 Client Error: Not Found for url: http://sciencetrack.blogspot.com/2007/09/top-10-scientific-discoveries.html,main_url,scientific,sciencetrack.blogspot.com
http://scienceblogs.com/grrlscientist/2007/09/shedding_some_light_on_bipolar_1.php,False,False,,,,404 Client Error: Not Found for url: https://scienceblogs.com/grrlscientist/2007/09/shedding_some_light_on_bipolar_1.php,main_url,scientific,scienceblogs.com
http://scienceblogs.com/grrlscientist/2007/09/salmon_salmon_trout.php,False,False,,,,404 Client Error: Not Found for url: https://scienceblogs.com/grrlscientist/2007/09/salmon_salmon_trout.php,main_url,scientific,scienceblogs.com
http://www.sciencedaily.com/releases/2007/09/070917151054.htm,False,False,,,,403 Client Error: Forbidden for url: https://www.sciencedaily.com/releases/2007/09/070917151054.htm,main_url,scientific,sciencedaily.com
http://www.sciencedaily.com/releases/2007/09/070917151054.htm,False,False,,,,403 Client Error: Forbidden for url: https://www.sciencedaily.com/releases/2007/09/070917151054.htm,main_url,scientific,sciencedaily.com
http://www.scienceinreview.com/2007/science-linked-bacteria.html,False,False,,,,"HTTPConnectionPool(host='www.scienceinreview.com', port=80): Max retries exceeded with url: /2007/science-linked-bacteria.html (Caused by NewConnectionError('<urllib3.connection.HTTPConnection object at 0x000001E9AD1A1450>: Failed to establish a new connection: [Errno 11001] getaddrinfo failed'))",main_url,scientific,scienceinreview.com
http://sciencetrack.blogspot.com/2007/09/indian-university-course-in-rocket.html,False,False,,,,404 Client Error: Not Found for url: http://sciencetrack.blogspot.com/2007/09/indian-university-course-in-rocket.html,main_url,scientific,sciencetrack.blogspot.com
http://www.nature.com/news/2007/070917/full/070917-1.html;jsessionid=6C7BB50A6187D5441BF46553920A4F1E,True,False,,,,,main_url,scientific,nature.com
http://www.livescience.com/health/070917_men_age.html,True,False,,,,,main_url,scientific,livescience.com
http://scienceblogs.com/cognitivedaily/2007/09/do_verbal_metaphors_affect_wha.php,False,False,,,,404 Client Error: Not Found for url: https://scienceblogs.com/cognitivedaily/2007/09/do_verbal_metaphors_affect_wha.php,main_url,scientific,scienceblogs.com
http://scienceblogs.com/cognitivedaily/2007/09/magic_dragon_illusion_video_an.php,False,False,,,,404 Client Error: Not Found for url: https://scienceblogs.com/cognitivedaily/2007/09/magic_dragon_illusion_video_an.php,main_url,scientific,scienceblogs.com
http://itre.cis.upenn.edu/~myl/languagelog/archives/004926.html,True,False,,,,,main_url,scientific,itre.cis.upenn.edu
http://www.usc.edu/schools/college/news/september_2007/eclipse.html,False,False,,,,404 Client Error: Not Found for url: https://www.usc.edu/schools/college/news/september_2007/eclipse.html,main_url,scientific,usc.edu
http://scienceblogs.com/grrlscientist/2007/09/the_lost_world_of_james_smiths.php,False,False,,,,404 Client Error: Not Found for url: https://scienceblogs.com/grrlscientist/2007/09/the_lost_world_of_james_smiths.php,main_url,scientific,scienceblogs.com
http://scienceline.org/2007/09/19/health_driscoll_malaria-lab/,True,False,,,,,main_url,scientific,scienceline.org
http://scienceroll.com/2007/09/19/how-and-why-to-use-second-life-for-education/,False,False,,,,"HTTPConnectionPool(host='scienceroll.com', port=80): Max retries exceeded with url: /2007/09/19/how-and-why-to-use-second-life-for-education/ (Caused by NewConnectionError('<urllib3.connection.HTTPConnection object at 0x000001E9AD145690>: Failed to establish a new connection: [WinError 10061] No connection could be made because the target machine actively refused it'))",main_url,scientific,scienceroll.com
http://www.scienceblog.com/cms/subtle-discrimination-more-taxing-brain-14252.html,False,False,,,,403 Client Error: Forbidden for url: https://www.scienceblog.com/cms/subtle-discrimination-more-taxing-brain-14252.html,main_url,scientific,scienceblog.com
http://scienceblogs.com/aetiology/2007/06/introduction_to_hiv_and_hiv_de.php#c571294,False,False,,,,404 Client Error: Not Found for url: https://scienceblogs.com/aetiology/2007/06/introduction_to_hiv_and_hiv_de.php#c571294,main_url,scientific,scienceblogs.com
http://www.livescience.com/php/multimedia/imagegallery/igviewer.php?imgid=1&amp;gid=1&amp;index=0?,True,False,,,,,main_url,scientific,livescience.com
http://science.nasa.gov/headlines/y2007/18sep_trilobite.htm?list208336,False,False,,,,404 Client Error: Page not found: /headlines/y2007/18sep_trilobite.htm for url: https://science.nasa.gov/headlines/y2007/18sep_trilobite.htm?list208336,main_url,scientific,science.nasa.gov
http://scienceblogs.com/grrlscientist/2007/09/running_your_blues_away.php,False,False,,,,404 Client Error: Not Found for url: https://scienceblogs.com/grrlscientist/2007/09/running_your_blues_away.php,main_url,scientific,scienceblogs.com
http://www.sciencedaily.com/releases/2007/09/070914113856.htm,False,False,,,,403 Client Error: Forbidden for url: https://www.sciencedaily.com/releases/2007/09/070914113856.htm,main_url,scientific,sciencedaily.com
http://scienceblogs.com/developingintelligence/2007/09/motion_illusions_standstill_mo.php,False,False,,,,404 Client Error: Not Found for url: https://scienceblogs.com/developingintelligence/2007/09/motion_illusions_standstill_mo.php,main_url,scientific,scienceblogs.com
http://scienceblogs.com/pharyngula/2007/09/how_to_organize_against_a_crea.php,False,False,,,,404 Client Error: Not Found for url: https://scienceblogs.com/pharyngula/2007/09/how_to_organize_against_a_crea.php,main_url,scientific,scienceblogs.com
http://sciencehack.com/videos/view/sjV0JpIAH78,False,False,,,,410 Client Error: Gone for url: http://sciencehack.com/videos/view/sjV0JpIAH78,main_url,scientific,sciencehack.com
http://scienceroll.com/2007/09/20/personalized-medicine-major-steps-on-the-way/,False,False,,,,"HTTPConnectionPool(host='scienceroll.com', port=80): Max retries exceeded with url: /2007/09/20/personalized-medicine-major-steps-on-the-way/ (Caused by NewConnectionError('<urllib3.connection.HTTPConnection object at 0x000001E9AD145090>: Failed to establish a new connection: [WinError 10061] No connection could be made because the target machine actively refused it'))",main_url,scientific,scienceroll.com
http://scienceblogs.com/deltoid/2007/09/more_on_orb_survey_that_found.php#comment-572308,False,False,,,,404 Client Error: Not Found for url: https://scienceblogs.com/deltoid/2007/09/more_on_orb_survey_that_found.php#comment-572308,main_url,scientific,scienceblogs.com
http://scienceblogs.com/aetiology/2007/09/facebook_deletes_breastfeeding.php,False,False,,,,404 Client Error: Not Found for url: https://scienceblogs.com/aetiology/2007/09/facebook_deletes_breastfeeding.php,main_url,scientific,scienceblogs.com
http://scienceblogs.com/aetiology/2007/09/facebook_deletes_breastfeeding.php,False,False,,,,404 Client Error: Not Found for url: https://scienceblogs.com/aetiology/2007/09/facebook_deletes_breastfeeding.php,main_url,scientific,scienceblogs.com
http://www.sciencedaily.com/releases/2007/09/070920111411.htm,False,False,,,,403 Client Error: Forbidden for url: https://www.sciencedaily.com/releases/2007/09/070920111411.htm,main_url,scientific,sciencedaily.com
http://www.scientificblogging.com/adaptivecomplexity/evolutions_balancing_act,True,False,,,,,main_url,scientific,scientificblogging.com
http://notexactlyrocketscience.wordpress.com/2007/09/20/evidence-that-velociraptor-had-feathers/,True,True,10.1126/science.1145076.,text_content,"10\.\d{4,9}/[-._;()/:\w]+",,main_url,scientific,notexactlyrocketscience.wordpress.com
http://scienceblogs.com/grrlscientist/2007/09/in_search_of_my_rhetorical_pen.php,False,False,,,,404 Client Error: Not Found for url: https://scienceblogs.com/grrlscientist/2007/09/in_search_of_my_rhetorical_pen.php,main_url,scientific,scienceblogs.com
http://scienceblogs.com/developingintelligence/2007/09/do_neural_networks_segregate_i.php,False,False,,,,404 Client Error: Not Found for url: https://scienceblogs.com/developingintelligence/2007/09/do_neural_networks_segregate_i.php,main_url,scientific,scienceblogs.com
http://scienceblogs.com/developingintelligence/2007/09/do_neural_networks_segregate_i.php,False,False,,,,404 Client Error: Not Found for url: https://scienceblogs.com/developingintelligence/2007/09/do_neural_networks_segregate_i.php,main_url,scientific,scienceblogs.com
http://scienceblogs.com/developingintelligence/2007/09/do_neural_networks_segregate_i.php,False,False,,,,404 Client Error: Not Found for url: https://scienceblogs.com/developingintelligence/2007/09/do_neural_networks_segregate_i.php,main_url,scientific,scienceblogs.com
http://www.sciencedaily.com/releases/2007/09/070917172923.htm,False,False,,,,403 Client Error: Forbidden for url: https://www.sciencedaily.com/releases/2007/09/070917172923.htm,main_url,scientific,sciencedaily.com
http://www.sciencedaily.com/releases/2007/09/070917112546.htm,False,False,,,,403 Client Error: Forbidden for url: https://www.sciencedaily.com/releases/2007/09/070917112546.htm,main_url,scientific,sciencedaily.com
http://scienceblogs.com/zooillogix/2007/09/hookworms_are_natures_claritin_1.php,False,False,,,,404 Client Error: Not Found for url: https://scienceblogs.com/zooillogix/2007/09/hookworms_are_natures_claritin_1.php,main_url,scientific,scienceblogs.com
http://www.sciencedaily.com/releases/2007/09/070921071744.htm,False,False,,,,403 Client Error: Forbidden for url: https://www.sciencedaily.com/releases/2007/09/070921071744.htm,main_url,scientific,sciencedaily.com
http://sciencenow.sciencemag.org/cgi/content/full/2007/920/4,False,False,,,,403 Client Error: Forbidden for url: https://sciencenow.sciencemag.org/cgi/content/full/2007/920/4,main_url,scientific,sciencenow.sciencemag.org
http://www.scienceagogo.com/news/20070422222547data_trunc_sys.shtml,True,False,,,,,main_url,scientific,scienceagogo.com
http://www.nature.com/news/2007/070917/full/070917-9.html;jsessionid=5463A0FA30A2EDDC28E1FD0DF2D912E4,True,False,,,,,main_url,scientific,nature.com
http://www.sciencedaily.com/releases/2007/09/070921112416.htm,False,False,,,,403 Client Error: Forbidden for url: https://www.sciencedaily.com/releases/2007/09/070921112416.htm,main_url,scientific,sciencedaily.com
http://scienceblogs.com/grrlscientist/2007/09/your_money_or_your_life_americ.php,False,False,,,,404 Client Error: Not Found for url: https://scienceblogs.com/grrlscientist/2007/09/your_money_or_your_life_americ.php,main_url,scientific,scienceblogs.com
http://www.sciencedaily.com/releases/2007/09/070920145537.htm,False,False,,,,403 Client Error: Forbidden for url: https://www.sciencedaily.com/releases/2007/09/070920145537.htm,main_url,scientific,sciencedaily.com
http://scienceblogs.com/grrlscientist/2007/09/xx_scientists_is_there_a_such.php,False,False,,,,404 Client Error: Not Found for url: https://scienceblogs.com/grrlscientist/2007/09/xx_scientists_is_there_a_such.php,main_url,scientific,scienceblogs.com
http://www.vanderbilt.edu/news/releases?id=37403,True,False,,,,,main_url,scientific,vanderbilt.edu
http://www.sciencedaily.com/releases/2007/09/070913140311.htm,False,False,,,,403 Client Error: Forbidden for url: https://www.sciencedaily.com/releases/2007/09/070913140311.htm,main_url,scientific,sciencedaily.com
http://scienceroll.com/2007/09/22/ted-the-worlds-greatest-thinkers-about-genetics-and-medicine/,False,False,,,,"HTTPConnectionPool(host='scienceroll.com', port=80): Max retries exceeded with url: /2007/09/22/ted-the-worlds-greatest-thinkers-about-genetics-and-medicine/ (Caused by NewConnectionError('<urllib3.connection.HTTPConnection object at 0x000001E9ACFE0970>: Failed to establish a new connection: [WinError 10061] No connection could be made because the target machine actively refused it'))",main_url,scientific,scienceroll.com
http://scienceblogs.com/insolence/2007/09/jenny_mccarthy_and_oprah_winfrey_two_cra.php,False,False,,,,404 Client Error: Not Found for url: https://scienceblogs.com/insolence/2007/09/jenny_mccarthy_and_oprah_winfrey_two_cra.php,main_url,scientific,scienceblogs.com
http://science.nasa.gov/headlines/y2007/21sep_caves.htm?list208336,False,False,,,,404 Client Error: Page not found: /headlines/y2007/21sep_caves.htm for url: https://science.nasa.gov/headlines/y2007/21sep_caves.htm?list208336,main_url,scientific,science.nasa.gov
http://scienceblogs.com/evolutionblog/2007/09/evolution_and_ddt.php,False,False,,,,404 Client Error: Not Found for url: https://scienceblogs.com/evolutionblog/2007/09/evolution_and_ddt.php,main_url,scientific,scienceblogs.com
http://notexactlyrocketscience.wordpress.com/2007/09/22/flu-viruses-take-the-summer-off-to-go-travelling/,True,False,,,,,main_url,scientific,notexactlyrocketscience.wordpress.com
http://www.lhup.edu/~dsimanek/scenario/cradle.htm,True,False,,,,,main_url,scientific,lhup.edu
http://scienceroll.com/2007/09/23/personalized-medicine-health-and-information-technology/,False,False,,,,"HTTPConnectionPool(host='scienceroll.com', port=80): Max retries exceeded with url: /2007/09/23/personalized-medicine-health-and-information-technology/ (Caused by NewConnectionError('<urllib3.connection.HTTPConnection object at 0x000001E9ACE24100>: Failed to establish a new connection: [WinError 10061] No connection could be made because the target machine actively refused it'))",main_url,scientific,scienceroll.com
http://scienceblogs.com/pharyngula/2007/09/where_could_we_possibly_find_4.php,False,False,,,,404 Client Error: Not Found for url: https://scienceblogs.com/pharyngula/2007/09/where_could_we_possibly_find_4.php,main_url,scientific,scienceblogs.com
http://scienceblogs.com/pharyngula/2007/09/where_could_we_possibly_find_4.php,False,False,,,,404 Client Error: Not Found for url: https://scienceblogs.com/pharyngula/2007/09/where_could_we_possibly_find_4.php,main_url,scientific,scienceblogs.com
http://web.mit.edu/newsoffice/2007/mars-0921.html,True,False,,,,,main_url,scientific,web.mit.edu
http://freescienceonline.blogspot.com/2007/03/medicine-video-and-audio-lectures.html,True,False,,,,,main_url,scientific,freescienceonline.blogspot.com
http://www.sciencedaily.com/releases/2007/09/070923205844.htm,False,False,,,,403 Client Error: Forbidden for url: https://www.sciencedaily.com/releases/2007/09/070923205844.htm,main_url,scientific,sciencedaily.com
http://www.sciencedaily.com/releases/2007/09/070920173421.htm,False,False,,,,403 Client Error: Forbidden for url: https://www.sciencedaily.com/releases/2007/09/070920173421.htm,main_url,scientific,sciencedaily.com
http://www.columbia.edu/~ss957/nytimes.html,False,False,,,,403 Client Error: Forbidden for url: http://www.columbia.edu/~ss957/nytimes.html,main_url,scientific,columbia.edu
http://scienceblogs.com/omnibrain/2007/09/how_moving_your_eyes_can_help.php,False,False,,,,404 Client Error: Not Found for url: https://scienceblogs.com/omnibrain/2007/09/how_moving_your_eyes_can_help.php,main_url,scientific,scienceblogs.com
http://scienceblogs.com/grrlscientist/2007/09/encephalon_32.php,False,False,,,,404 Client Error: Not Found for url: https://scienceblogs.com/grrlscientist/2007/09/encephalon_32.php,main_url,scientific,scienceblogs.com
http://scienceblogs.com/grrlscientist/2007/09/quill_knobs_reveal_that_veloci.php,False,False,,,,404 Client Error: Not Found for url: https://scienceblogs.com/grrlscientist/2007/09/quill_knobs_reveal_that_veloci.php,main_url,scientific,scienceblogs.com
http://www.sciencedaily.com/releases/2007/09/070924104611.htm,False,False,,,,403 Client Error: Forbidden for url: https://www.sciencedaily.com/releases/2007/09/070924104611.htm,main_url,scientific,sciencedaily.com
http://www.sciencedaily.com/releases/2007/09/070918144313.htm,False,False,,,,403 Client Error: Forbidden for url: https://www.sciencedaily.com/releases/2007/09/070918144313.htm,main_url,scientific,sciencedaily.com
http://notexactlyrocketscience.wordpress.com/2007/09/24/space-flight-turns-salmonella-into-super-bug/,True,False,,,,,main_url,scientific,notexactlyrocketscience.wordpress.com
http://scienceroll.com/2007/09/24/myopencare-a-social-utility-for-healthcare/,False,False,,,,"HTTPConnectionPool(host='scienceroll.com', port=80): Max retries exceeded with url: /2007/09/24/myopencare-a-social-utility-for-healthcare/ (Caused by NewConnectionError('<urllib3.connection.HTTPConnection object at 0x000001E9AD56EA40>: Failed to establish a new connection: [WinError 10061] No connection could be made because the target machine actively refused it'))",main_url,scientific,scienceroll.com
http://sciencethegapfiller.blogspot.com/2007/09/caseys-little-god.html,False,False,,,,404 Client Error: Not Found for url: http://sciencethegapfiller.blogspot.com/2007/09/caseys-little-god.html,main_url,scientific,sciencethegapfiller.blogspot.com
http://www.sciencedaily.com/releases/2007/09/070924151118.htm,False,False,,,,403 Client Error: Forbidden for url: https://www.sciencedaily.com/releases/2007/09/070924151118.htm,main_url,scientific,sciencedaily.com
http://scienceblogs.com/grrlscientist/2007/09/which_came_first_social_behavi.php,False,False,,,,404 Client Error: Not Found for url: https://scienceblogs.com/grrlscientist/2007/09/which_came_first_social_behavi.php,main_url,scientific,scienceblogs.com
http://scienceblogs.com/corpuscallosum/2007/09/opioids_and_sleep_disorders.php,False,False,,,,404 Client Error: Not Found for url: https://scienceblogs.com/corpuscallosum/2007/09/opioids_and_sleep_disorders.php,main_url,scientific,scienceblogs.com
http://www.nature.com/news/2007/070917/full/070917-5.html,True,False,,,,,main_url,scientific,nature.com
http://science.nasa.gov/headlines/y2007/18sep_trilobite.htm,False,False,,,,404 Client Error: Page not found: /headlines/y2007/18sep_trilobite.htm for url: https://science.nasa.gov/headlines/y2007/18sep_trilobite.htm,main_url,scientific,science.nasa.gov
http://scienceblogs.com/omnibrain/2007/09/furries_vs_klingons_in_bowling.php,False,False,,,,404 Client Error: Not Found for url: https://scienceblogs.com/omnibrain/2007/09/furries_vs_klingons_in_bowling.php,main_url,scientific,scienceblogs.com
http://scienceblogs.com/developingintelligence/2007/09/turtles_all_the_way_down_attra.php,False,False,,,,404 Client Error: Not Found for url: https://scienceblogs.com/developingintelligence/2007/09/turtles_all_the_way_down_attra.php,main_url,scientific,scienceblogs.com
http://www.sciencedaily.com/releases/2007/09/070926094738.htm,False,False,,,,403 Client Error: Forbidden for url: https://www.sciencedaily.com/releases/2007/09/070926094738.htm,main_url,scientific,sciencedaily.com
http://science-student.com/science-news/interesting-caffeine-facts,False,False,,,,404 Client Error: Not Found for url: https://www.science-student.com/science-news/interesting-caffeine-facts,main_url,scientific,science-student.com
http://www.pnas.org/cgi/content/full/104/39/15276,False,False,,,,403 Client Error: Forbidden for url: https://www.pnas.org/doi/full/10.1073/pnas.0703411104,main_url,scientific,pnas.org
http://www.beckman.uiuc.edu/news/articles/feature091907.html,True,False,,,,,main_url,scientific,beckman.uiuc.edu
http://scienceblogs.com/developingintelligence/2007/09/when_noise_helps_stochastic_re_1.php#more,False,False,,,,404 Client Error: Not Found for url: https://scienceblogs.com/developingintelligence/2007/09/when_noise_helps_stochastic_re_1.php#more,main_url,scientific,scienceblogs.com
http://www.alternativescience.com/darwinism.htm,True,False,,,,,main_url,scientific,alternativescience.com
http://www.sciencedaily.com/releases/2007/09/070926113835.htm,False,False,,,,403 Client Error: Forbidden for url: https://www.sciencedaily.com/releases/2007/09/070926113835.htm,main_url,scientific,sciencedaily.com
http://www.nature.com/news/2007/070917/full/070917-11.html,True,False,,,,,main_url,scientific,nature.com
http://environment.yale.edu/news/5305-american-opinions-on-global-warming/,False,False,,,,404 Client Error: Not Found for url: https://environment.yale.edu/news/5305-american-opinions-on-global-warming/,main_url,scientific,environment.yale.edu
http://www.jacksofscience.com/?p=42,False,False,,,,404 Client Error: Not Found for url: https://jacksofscience.com/?p=42,main_url,scientific,jacksofscience.com
http://scienceblogs.com/grrlscientist/2007/09/the_body_has_a_mind_of_its_own.php,False,False,,,,404 Client Error: Not Found for url: https://scienceblogs.com/grrlscientist/2007/09/the_body_has_a_mind_of_its_own.php,main_url,scientific,scienceblogs.com
http://www.livescience.com/environment/top10_emergingenvironment_technologies.html,True,False,,,,,main_url,scientific,livescience.com
http://www.gc.maricopa.edu/appliedscience/pjnweb/geolinks.html,False,False,,,,"HTTPConnectionPool(host='www.gc.maricopa.edu', port=80): Max retries exceeded with url: /appliedscience/pjnweb/geolinks.html (Caused by NewConnectionError('<urllib3.connection.HTTPConnection object at 0x000001E9ADB3F640>: Failed to establish a new connection: [Errno 11001] getaddrinfo failed'))",main_url,scientific,gc.maricopa.edu
http://math.ucr.edu/home/baez/physics/Relativity/GR/grav_speed.html,True,False,,,,,main_url,scientific,math.ucr.edu
http://scienceblogs.com/grrlscientist/2007/09/why_grandmothers.php,False,False,,,,404 Client Error: Not Found for url: https://scienceblogs.com/grrlscientist/2007/09/why_grandmothers.php,main_url,scientific,scienceblogs.com
http://scienceblogs.com/grrlscientist/2007/09/rimatara_lorikeets_returning_f.php,False,False,,,,404 Client Error: Not Found for url: https://scienceblogs.com/grrlscientist/2007/09/rimatara_lorikeets_returning_f.php,main_url,scientific,scienceblogs.com
http://scienceblogs.com/afarensis/2007/09/27/stupid_creationist_quote_of_th_1/,False,False,,,,404 Client Error: Not Found for url: https://scienceblogs.com/afarensis/2007/09/27/stupid_creationist_quote_of_th_1/,main_url,scientific,scienceblogs.com
http://scienceblogs.com/mikethemadbiologist/2007/09/intelligent_design_creationist.php,False,False,,,,404 Client Error: Not Found for url: https://scienceblogs.com/mikethemadbiologist/2007/09/intelligent_design_creationist.php,main_url,scientific,scienceblogs.com
http://scienceblogs.com/insolence/2007/09/a_bad_day_for_antivaccinationists.php,False,False,,,,404 Client Error: Not Found for url: https://scienceblogs.com/insolence/2007/09/a_bad_day_for_antivaccinationists.php,main_url,scientific,scienceblogs.com
http://scienceblogs.com/insolence/2007/09/a_bad_day_for_antivaccinationists.php,False,False,,,,404 Client Error: Not Found for url: https://scienceblogs.com/insolence/2007/09/a_bad_day_for_antivaccinationists.php,main_url,scientific,scienceblogs.com
http://hosts.cce.cornell.edu/mushroom_blog/?p=40,False,False,,,,"HTTPConnectionPool(host='hosts.cce.cornell.edu', port=80): Max retries exceeded with url: /mushroom_blog/?p=40 (Caused by NewConnectionError('<urllib3.connection.HTTPConnection object at 0x000001E9ADB3FDC0>: Failed to establish a new connection: [Errno 11001] getaddrinfo failed'))",main_url,scientific,hosts.cce.cornell.edu
http://hosts.cce.cornell.edu/mushroom_blog/?p=40,False,False,,,,"HTTPConnectionPool(host='hosts.cce.cornell.edu', port=80): Max retries exceeded with url: /mushroom_blog/?p=40 (Caused by NewConnectionError('<urllib3.connection.HTTPConnection object at 0x000001E9ADB3F940>: Failed to establish a new connection: [Errno 11001] getaddrinfo failed'))",main_url,scientific,hosts.cce.cornell.edu
http://hosts.cce.cornell.edu/mushroom_blog/?p=40,False,False,,,,"HTTPConnectionPool(host='hosts.cce.cornell.edu', port=80): Max retries exceeded with url: /mushroom_blog/?p=40 (Caused by NewConnectionError('<urllib3.connection.HTTPConnection object at 0x000001E9ADB3FCD0>: Failed to establish a new connection: [Errno 11001] getaddrinfo failed'))",main_url,scientific,hosts.cce.cornell.edu
http://hosts.cce.cornell.edu/mushroom_blog/?p=40,False,False,,,,"HTTPConnectionPool(host='hosts.cce.cornell.edu', port=80): Max retries exceeded with url: /mushroom_blog/?p=40 (Caused by NewConnectionError('<urllib3.connection.HTTPConnection object at 0x000001E9ADB3FC70>: Failed to establish a new connection: [Errno 11001] getaddrinfo failed'))",main_url,scientific,hosts.cce.cornell.edu
http://hosts.cce.cornell.edu/mushroom_blog/?p=40,False,False,,,,"HTTPConnectionPool(host='hosts.cce.cornell.edu', port=80): Max retries exceeded with url: /mushroom_blog/?p=40 (Caused by NewConnectionError('<urllib3.connection.HTTPConnection object at 0x000001E9ADB3F640>: Failed to establish a new connection: [Errno 11001] getaddrinfo failed'))",main_url,scientific,hosts.cce.cornell.edu
http://hosts.cce.cornell.edu/mushroom_blog/?p=40,False,False,,,,"HTTPConnectionPool(host='hosts.cce.cornell.edu', port=80): Max retries exceeded with url: /mushroom_blog/?p=40 (Caused by NewConnectionError('<urllib3.connection.HTTPConnection object at 0x000001E9ADB3F970>: Failed to establish a new connection: [Errno 11001] getaddrinfo failed'))",main_url,scientific,hosts.cce.cornell.edu
http://hosts.cce.cornell.edu/mushroom_blog/?p=40,False,False,,,,"HTTPConnectionPool(host='hosts.cce.cornell.edu', port=80): Max retries exceeded with url: /mushroom_blog/?p=40 (Caused by NewConnectionError('<urllib3.connection.HTTPConnection object at 0x000001E9ADB3FB50>: Failed to establish a new connection: [Errno 11001] getaddrinfo failed'))",main_url,scientific,hosts.cce.cornell.edu
http://hosts.cce.cornell.edu/mushroom_blog/?p=40,False,False,,,,"HTTPConnectionPool(host='hosts.cce.cornell.edu', port=80): Max retries exceeded with url: /mushroom_blog/?p=40 (Caused by NewConnectionError('<urllib3.connection.HTTPConnection object at 0x000001E9ADB3F7F0>: Failed to establish a new connection: [Errno 11001] getaddrinfo failed'))",main_url,scientific,hosts.cce.cornell.edu
http://hosts.cce.cornell.edu/mushroom_blog/?p=40,False,False,,,,"HTTPConnectionPool(host='hosts.cce.cornell.edu', port=80): Max retries exceeded with url: /mushroom_blog/?p=40 (Caused by NewConnectionError('<urllib3.connection.HTTPConnection object at 0x000001E9ADB3FDC0>: Failed to establish a new connection: [Errno 11001] getaddrinfo failed'))",main_url,scientific,hosts.cce.cornell.edu
http://hosts.cce.cornell.edu/mushroom_blog/?p=40,False,False,,,,"HTTPConnectionPool(host='hosts.cce.cornell.edu', port=80): Max retries exceeded with url: /mushroom_blog/?p=40 (Caused by NewConnectionError('<urllib3.connection.HTTPConnection object at 0x000001E9ADB3F940>: Failed to establish a new connection: [Errno 11001] getaddrinfo failed'))",main_url,scientific,hosts.cce.cornell.edu
http://www.usc.edu/schools/college/news/september_2007/stott.html,False,False,,,,404 Client Error: Not Found for url: https://www.usc.edu/schools/college/news/september_2007/stott.html,main_url,scientific,usc.edu
http://www.usc.edu/schools/college/news/september_2007/stott.html,False,False,,,,404 Client Error: Not Found for url: https://www.usc.edu/schools/college/news/september_2007/stott.html,main_url,scientific,usc.edu
http://www.strangescience.net/stmam2.htm,True,False,,,,,main_url,scientific,strangescience.net
http://www.livescience.com/technology/destroy_earth_mp.html?repost_for_fun,False,False,,,,404 Client Error: Not Found for url: https://www.livescience.com/references/technology,main_url,scientific,livescience.com
http://science.nasa.gov/headlines/y2007/26sep_next.htm,False,False,,,,404 Client Error: Page not found: /headlines/y2007/26sep_next.htm for url: https://science.nasa.gov/headlines/y2007/26sep_next.htm,main_url,scientific,science.nasa.gov
http://scienceblogs.com/developingintelligence/2007/09/memory_before_language_preverb.php,False,False,,,,404 Client Error: Not Found for url: https://scienceblogs.com/developingintelligence/2007/09/memory_before_language_preverb.php,main_url,scientific,scienceblogs.com
http://scienceblogs.com/purepedantry/2007/09/the_cuban_antiobesity_program.php,False,False,,,,404 Client Error: Not Found for url: https://scienceblogs.com/purepedantry/2007/09/the_cuban_antiobesity_program.php,main_url,scientific,scienceblogs.com
http://math.ucr.edu/home/baez/physics/General/open_questions.html#big,True,False,,,,,main_url,scientific,math.ucr.edu
http://sciencehack.com/videos/view/bd254d69-5a07-9cad-e4e7-ff0008c97669,False,False,,,,410 Client Error: Gone for url: http://sciencehack.com/videos/view/bd254d69-5a07-9cad-e4e7-ff0008c97669,main_url,scientific,sciencehack.com
http://www.livescience.com/strangenews/0709225_bad_satellitesearch.html,True,False,,,,,main_url,scientific,livescience.com
http://www.sciencedaily.com/releases/2007/09/070928101200.htm,False,False,,,,403 Client Error: Forbidden for url: https://www.sciencedaily.com/releases/2007/09/070928101200.htm,main_url,scientific,sciencedaily.com
http://sciencehack.com/videos/view/M4rgaLW163k,False,False,,,,410 Client Error: Gone for url: http://sciencehack.com/videos/view/M4rgaLW163k,main_url,scientific,sciencehack.com
http://sciencehack.com/videos/view/M4rgaLW163k,False,False,,,,410 Client Error: Gone for url: http://sciencehack.com/videos/view/M4rgaLW163k,main_url,scientific,sciencehack.com
http://www.sciencedaily.com/releases/2007/09/070926122753.htm,False,False,,,,403 Client Error: Forbidden for url: https://www.sciencedaily.com/releases/2007/09/070926122753.htm,main_url,scientific,sciencedaily.com
http://scienceblogs.com/denialism/2007/09/if_you_cant_beat_em_smear_em.php?utm_source=sbhomepage&amp;utm_medium=link&amp;utm_content=toplink,False,False,,,,404 Client Error: Not Found for url: https://scienceblogs.com/denialism/2007/09/if_you_cant_beat_em_smear_em.php?utm_source=sbhomepage&amp;utm_medium=link&amp;utm_content=toplink,main_url,scientific,scienceblogs.com
http://scienceblogs.com/insolence/2007/09/where_can_i_latch_onto_a_research_projec.php,False,False,,,,404 Client Error: Not Found for url: https://scienceblogs.com/insolence/2007/09/where_can_i_latch_onto_a_research_projec.php,main_url,scientific,scienceblogs.com
http://www.sciencedaily.com/releases/2007/09/070926111530.htm,False,False,,,,403 Client Error: Forbidden for url: https://www.sciencedaily.com/releases/2007/09/070926111530.htm,main_url,scientific,sciencedaily.com
http://www.sciencedaily.com/releases/2007/09/070926163748.htm,False,False,,,,403 Client Error: Forbidden for url: https://www.sciencedaily.com/releases/2007/09/070926163748.htm,main_url,scientific,sciencedaily.com
http://scienceroll.com/2007/09/29/ibioseminars-bringing-the-best-in-biological-research-to-the-world/,False,False,,,,"HTTPConnectionPool(host='scienceroll.com', port=80): Max retries exceeded with url: /2007/09/29/ibioseminars-bringing-the-best-in-biological-research-to-the-world/ (Caused by NewConnectionError('<urllib3.connection.HTTPConnection object at 0x000001E9AD644970>: Failed to establish a new connection: [WinError 10061] No connection could be made because the target machine actively refused it'))",main_url,scientific,scienceroll.com
http://scienceblogs.com/deepseanews/2007/09/so_you_want_to_be_a_marine_bio.php,False,False,,,,404 Client Error: Not Found for url: https://scienceblogs.com/deepseanews/2007/09/so_you_want_to_be_a_marine_bio.php,main_url,scientific,scienceblogs.com
http://www.livescience.com/health/070928_hn_sleep.html,True,False,,,,,main_url,scientific,livescience.com
http://golem.ph.utexas.edu/category/2007/09/the_virtues_of_american_scient.html#c012270,True,False,,,,,main_url,scientific,golem.ph.utexas.edu
http://golem.ph.utexas.edu/category/2007/09/the_virtues_of_american_scient.html#c012270,True,False,,,,,main_url,scientific,golem.ph.utexas.edu
http://golem.ph.utexas.edu/category/2007/09/the_virtues_of_american_scient.html#c012270,True,False,,,,,main_url,scientific,golem.ph.utexas.edu
http://www.sciencedaily.com/releases/2007/09/070926140836.htm,False,False,,,,403 Client Error: Forbidden for url: https://www.sciencedaily.com/releases/2007/09/070926140836.htm,main_url,scientific,sciencedaily.com
http://www.sciencedaily.com/releases/2007/09/070926100621.htm,False,False,,,,403 Client Error: Forbidden for url: https://www.sciencedaily.com/releases/2007/09/070926100621.htm,main_url,scientific,sciencedaily.com
http://scienceblogs.com/aetiology/2007/09/the_futile_quest_for_the_perfe.php,False,False,,,,404 Client Error: Not Found for url: https://scienceblogs.com/aetiology/2007/09/the_futile_quest_for_the_perfe.php,main_url,scientific,scienceblogs.com
http://scienceroll.com/2007/09/30/personalized-medicine-the-future-is-now/,False,False,,,,"HTTPConnectionPool(host='scienceroll.com', port=80): Max retries exceeded with url: /2007/09/30/personalized-medicine-the-future-is-now/ (Caused by NewConnectionError('<urllib3.connection.HTTPConnection object at 0x000001E9ACA99F60>: Failed to establish a new connection: [WinError 10061] No connection could be made because the target machine actively refused it'))",main_url,scientific,scienceroll.com
